date,Lo 20,Qnt 2,Qnt 3,Qnt 4,Hi 20,Lo 10,Dec-02,Dec-03,Dec-04,Dec-05,Dec-06,Dec-07,Dec-08,Dec-09,Hi 10
196307,1.14,-0.1,-0.93,-0.91,-1.46,1.36,0.75,0.08,-0.28,-0.59,-1.22,-0.42,-1.35,-2.06,-0.77
196308,3.66,4.77,6.34,6.38,9.72,3.52,3.9,4.29,5.26,5.2,7.34,7.94,4.96,9.06,10.47
196309,-2.78,-0.76,-0.71,-0.92,-2.74,-3.1,-2.24,-0.54,-0.98,-1.33,-0.17,-0.81,-1.02,-1.91,-3.68
196310,0.74,3.57,2.08,5.75,3.05,1.24,-0.13,2,5.13,2.35,1.86,6.8,4.76,3.09,3.01
196311,-0.63,-0.24,-0.91,-0.83,0.18,-0.91,-0.15,1.6,-2.03,-1,-0.84,-1.14,-0.54,-0.12,0.52
196312,2.66,2.08,2.7,2.24,0.75,3.85,0.65,2.31,1.84,2.95,2.49,0.99,3.42,0.28,1.28
196401,2.89,2.77,2.48,3.51,1.51,3.73,1.42,2.74,2.79,1.72,3.13,2.59,4.37,1.99,0.96
196402,1.31,1.35,1.98,2.95,3,1.1,1.7,0.62,2.09,2.48,1.56,1.92,3.89,2.22,3.89
196403,0.95,0.59,2.41,3.05,5.98,1.05,0.77,0.05,1.12,3.07,1.87,2.04,3.96,5.86,6.12
196404,2.35,1.48,-0.4,-2.44,-3.37,2.65,1.82,1.57,1.39,-0.85,-0.01,-2.29,-2.57,-1.93,-4.98
196405,1.66,1.5,1.4,2.01,1.48,1.63,1.72,0.23,2.76,2.21,0.71,0.9,2.98,1.61,1.33
196406,1.77,2.05,1.2,1.13,1.84,1.52,2.2,3.81,0.34,1.12,1.27,2.31,0.11,1.99,1.66
196407,1.38,3.64,2.19,0.2,1,4.08,0.67,4.86,2.24,3.43,0.96,1.17,-0.55,1.27,0.53
196408,-0.97,-0.49,-1.29,-2.14,-2.04,1.34,-1.59,0.13,-1.23,-1.92,-0.65,-1.54,-2.61,-1.71,-2.63
196409,1.54,3.35,3.64,2.96,5.91,2.88,1.17,3.48,3.19,3.58,3.7,3.1,2.85,5.95,5.84
196410,1,1.58,1.33,-1.16,0.47,1.17,0.95,0.94,2.33,1.46,1.21,0.56,-2.5,-0.21,1.68
196411,0.35,0.27,1.46,-1.02,-2.62,1.31,0.08,-0.26,0.89,1.96,0.96,-0.17,-1.7,-2.77,-2.37
196412,1.5,0.18,0.07,-0.4,-0.78,-0.11,1.96,0.58,-0.28,0.09,0.04,-1.05,0.14,-1.02,-0.35
196501,1.29,3.67,4.61,6.56,6.69,2.88,0.84,4.02,3.27,5.55,3.66,4.98,7.84,6.06,7.79
196502,-0.35,-0.69,0.9,2.89,4.61,1.17,-0.79,-0.01,-1.49,-0.43,2.29,2.83,2.94,4.32,5.14
196503,-1.41,-0.42,-2.16,-0.64,-0.06,-0.01,-1.81,0.09,-1.03,-2.62,-1.69,-0.84,-0.48,0.25,-0.61
196504,1.98,3.83,3.98,4.02,5.12,1.29,2.19,4.8,2.67,2.07,5.89,2.27,5.39,5.28,4.84
196505,0.86,-1.69,0.28,-0.64,-1.18,-0.1,1.14,-2.46,-0.74,2.11,-1.48,-0.5,-0.74,-1.08,-1.35
196506,-3.79,-4.05,-5.06,-6.11,-9.54,-5.07,-3.42,-5.44,-2.36,-5.21,-4.9,-6.69,-5.67,-8.92,-10.64
196507,1.92,0.83,0.81,2.48,5.6,2.1,1.78,1.48,0.5,0.65,0.96,0.87,3.62,4.57,6.75
196508,1.29,2.52,4.11,4.32,7.42,1.17,1.39,1.62,3,3.63,4.58,3.36,4.98,5.54,9.5
196509,4.49,2.17,2.42,2.15,5.54,4.92,4.18,3.13,1.68,2.78,2.06,2.3,2.05,5.65,5.43
196510,2.54,1.88,2.64,4.06,6.98,1.76,3.13,2.9,1.35,2.14,3.12,3.98,4.12,5.97,8.06
196511,-0.77,-2.07,1.37,2.15,6.47,1.35,-2.32,-0.79,-2.76,2.02,0.73,3.33,1.34,4.66,8.35
196512,0.58,1.09,0.92,1.76,4.71,0.63,0.54,0.71,1.29,0.67,1.16,3.62,0.45,4.43,5
196601,0.39,-0.34,0.87,1.92,6.3,0.99,-0.06,0.04,-0.56,1.63,0.12,2.03,1.84,6.14,6.45
196602,-2.91,-2.03,-0.85,1.41,5.7,-3.51,-2.44,-3.03,-1.49,-1.01,-0.7,-0.42,2.73,3.04,8.38
196603,-2.41,-2.2,-3.15,-0.84,-0.64,-1.34,-3.23,-3.04,-1.74,-2.57,-3.74,-2.01,-0.01,0.02,-1.26
196604,1.37,1.51,1.75,4.76,5.38,2.7,0.33,0.32,2.14,1.45,2.04,5.38,4.33,5.4,5.36
196605,-4.78,-3.59,-4.99,-5.24,-11.18,-4.84,-4.74,-3.84,-3.47,-4.99,-4.99,-5.5,-5.06,-9.92,-12.41
196606,-2.04,-1.39,-1.73,0.17,1.94,-2.08,-2.01,-2.95,-0.58,-1.53,-1.95,1.46,-0.72,0.29,3.58
196607,-0.55,-1.06,-0.16,-2.85,-2.11,-0.36,-0.68,-0.48,-1.39,-0.26,-0.08,-2.32,-3.32,-2.36,-1.9
196608,-6.72,-7.6,-7.62,-7.14,-8.73,-6.88,-6.62,-8.12,-7.29,-7.05,-8.08,-5.4,-8.7,-8.62,-8.82
196609,1.61,0.19,-0.98,-2.27,-5.24,1.59,1.63,0.16,0.21,-1.75,-0.35,-2.68,-1.88,-4.99,-5.44
196610,7.44,5.07,4.64,2.49,-2.79,5.78,8.53,7.24,3.84,5.26,4.15,2.01,2.92,-0.69,-4.53
196611,-1.5,-0.83,1.9,6.15,10.96,-1.09,-1.76,0.05,-1.35,1.54,2.18,2.3,9.65,8.54,13.04
196612,1.15,-0.12,1.45,-0.5,0.53,-0.16,1.98,1.03,-0.8,2.11,0.92,-0.65,-0.37,1.6,-0.35
196701,4.98,7.79,8.59,11,14.36,3.78,5.73,7.42,8.02,9.59,7.77,10.93,11.06,13.61,15
196702,-0.02,0.29,0.82,3.33,2.4,-0.89,0.51,0.64,0.09,1.22,0.49,1.47,4.9,1.4,3.23
196703,3.61,3.13,5.39,5.41,5.61,4.54,3.04,2.93,3.24,6.21,4.71,5.7,5.18,5.85,5.42
196704,1.24,4.77,3.91,6.3,6.24,1.22,1.25,2.78,5.97,4.16,3.71,5.81,6.71,5.29,7.01
196705,-3.36,-4.46,-4.05,-4.28,-3.95,-1.86,-4.28,-2.68,-5.5,-3.23,-4.74,-4.51,-4.09,-5.7,-2.54
196706,1.99,1.02,2.92,3.89,4.41,1.85,2.08,1.54,0.7,3.01,2.83,2.82,4.76,4,4.72
196707,2.37,5.99,4.98,7.37,7.82,0.5,4.46,5.33,6.4,6.18,3.56,7.18,7.54,6.08,9.5
196708,-1.18,-0.33,-0.44,0.28,-0.36,-1.26,-1.09,0.23,-0.67,0.36,-1.4,-0.13,0.64,-0.43,-0.29
196709,2.33,2.54,5.02,2.7,4.06,1.29,3.46,1.62,3.11,3.67,6.66,2.82,2.6,4.79,3.37
196710,-2.62,-4.07,-1.7,-3.55,-2.66,-3.71,-1.46,-4.63,-3.74,-5.24,2.48,-4.72,-2.5,-1.88,-3.41
196711,1.31,1.06,0.17,0.59,0.06,0.86,1.78,0.76,1.24,-0.79,1.21,2.05,-0.68,-0.87,0.97
196712,2.35,3.09,3.15,4.12,5.35,2.55,2.14,5.39,1.77,3.19,3.1,6.28,2.2,4.46,6.19
196801,-0.67,-3.13,-4.73,-6.52,-5.91,0.3,-1.66,-1.08,-4.33,-3.08,-6.5,-4.81,-8.11,-5.52,-6.29
196802,-1.99,-3.05,-3.01,-3.98,-6.72,-1.95,-2.02,-2.74,-3.24,-2.66,-3.41,-3.5,-4.44,-6.73,-6.72
196803,-0.86,0.45,1.8,1.15,2.5,-1.26,-0.44,-0.28,0.89,0.13,3.65,0.85,1.45,2.68,2.33
196804,4.83,9.19,10.79,12.4,14.93,4.65,5.01,8.3,9.73,10.28,11.32,11.93,12.86,13.91,15.87
196805,0.76,2.16,2.92,3.91,6.58,1.05,0.47,2.8,1.78,1.52,4.38,5.66,2.25,7,6.21
196806,3.2,1.62,0.23,-0.6,-0.52,4.27,2.1,4.2,0.09,0.98,-0.53,0.95,-2.11,0.67,-1.61
196807,1.69,-4.01,-3.83,-4.14,-4.13,3.23,-0.57,-4.17,-3.88,-3.32,-4.58,-4.23,-4.02,-3.93,-4.33
196808,1.09,1.74,1.55,3.67,2.89,0.94,1.31,2.2,1.38,1.39,1.8,4.26,2.84,1.85,3.92
196809,2.74,4,5.41,5.53,7.45,1.75,4.27,4.89,3.31,5.37,5.46,5.37,5.78,6.41,8.48
196810,2.1,-1.12,2.12,1.26,-0.07,2.43,1.6,-0.9,-1.28,3.38,0.22,1.02,1.6,1.07,-1.17
196811,6.38,5.37,3.76,6.13,9.75,6.88,5.6,3.85,6.58,1.8,6.78,5.61,6.88,8.54,10.94
196812,-4.05,-3.58,-3.08,-3.68,-2.5,-4.67,-3.09,-2.69,-4.27,-2.96,-3.27,-4.08,-3.12,-2.83,-2.18
196901,0.48,-2.05,-0.51,-1.85,-0.64,0.92,-0.19,-0.72,-3.11,-0.39,-0.68,-1.91,-1.76,-0.73,-0.56
196902,-4.59,-3.67,-4.18,-6.8,-10.64,-4.12,-5.33,-3.28,-3.99,-3.2,-5.62,-5.66,-8.39,-9.24,-11.99
196903,2.8,3.85,3.78,1.59,2.95,3.12,2.28,2.82,4.68,3.66,3.95,1.83,1.25,3.15,2.74
196904,1.81,3.17,1.84,0.18,2.9,2.33,0.95,3.44,2.95,1.92,1.71,0.21,0.15,2.95,2.86
196905,1.5,-0.85,1.09,-0.89,-0.52,1.63,1.29,-0.06,-1.49,1.76,0.06,0.09,-2.33,1.05,-2.08
196906,-6.48,-3.43,-6.39,-8.26,-12.83,-6.48,-6.48,-5.75,-1.56,-6.29,-6.55,-7.52,-9.37,-10.92,-14.78
196907,-5.99,-5.5,-6.24,-8.22,-9.7,-5.75,-6.32,-5.9,-4.6,-5.25,-7.45,-7.34,-9.54,-7.67,-11.63
196908,3.26,5.59,5.22,6.06,9.22,2.92,3.76,5.35,6.14,5.68,4.66,6.2,5.84,8.72,9.71
196909,-4.12,-1.77,-0.55,-2.62,-2,-4.97,-2.92,-1.83,-1.63,-0.45,-0.67,-2.58,-2.69,-1.81,-2.2
196910,3.95,5.05,5.64,8.4,9.17,3.04,5.21,4.24,6.88,6.85,4.14,7.54,9.74,7.24,11.07
196911,-3.69,-2.7,-2.42,-3.19,-5.19,-3.51,-3.93,-2.72,-2.68,-1.84,-3.16,-1.79,-5.35,-3.93,-6.38
196912,-1.52,-0.85,-2.64,-3.62,-5.02,-2.63,-0.01,-1.07,-0.38,-1.93,-3.56,-3.37,-4.02,-4.7,-5.33
197001,-6.46,-7.27,-8.24,-8.85,-10.16,-5.97,-7.12,-7.11,-7.62,-8.25,-8.24,-7.57,-10.91,-10.43,-9.89
197002,6.48,5.01,5.75,6.05,5.26,6.13,6.97,4.3,6.55,5.03,6.71,4.32,8.93,5.94,4.59
197003,0.78,-0.04,0.53,-1.81,-4.49,1.84,-0.63,0.75,-1.74,0.22,0.93,-1.72,-1.96,-4.01,-4.96
197004,-8.03,-8.89,-11.45,-12.42,-19.4,-8.1,-7.94,-8.83,-9.02,-11.99,-10.75,-11.38,-14.09,-16.53,-22.29
197005,-3.42,-6.23,-8.88,-9.96,-10.08,-1.33,-6.28,-6,-6.75,-9.86,-7.62,-10.44,-9.17,-9.35,-10.86
197006,-4.01,-4.75,-5.57,-8.57,-9.41,-5.2,-2.29,-4.99,-4.22,-7.74,-2.87,-8.87,-8.1,-7.38,-11.64
197007,8.11,5.93,8.21,9.76,6.93,9.21,6.85,7.43,4.17,10.33,6,9.49,10.11,7.55,6.28
197008,3.75,5.47,5.24,8.02,10.03,3.83,3.66,5.4,5.57,3.75,6.85,6.88,9.48,8.74,11.41
197009,1.4,4.4,6.31,8.92,16.95,0.03,2.99,2.67,6.49,3.66,9.07,8.09,9.94,14.14,19.9
197010,0.25,-0.69,-3.12,-5.93,-9.57,0.24,0.28,-1.06,-0.26,-2,-4.22,-5.09,-6.93,-7.59,-11.57
197011,5.93,5.01,4.98,4.66,1.92,6.58,5.19,5.3,4.68,5.76,4.19,4.09,5.34,1.44,2.42
197012,5.15,6.47,6.98,7.57,7.2,4.43,5.97,6.99,5.88,8.1,5.82,7.19,8.03,8.37,5.98
197101,3.03,3.99,7.44,10.3,13.24,3.82,2.13,3.81,4.21,5.71,9.24,10.17,10.46,13.84,12.61
197102,0.76,2.07,2.32,1.89,3.18,-0.19,1.85,1.36,2.91,2.55,2.09,1.81,1.98,2.1,4.35
197103,2.81,4.46,5.15,5.58,7.82,2.24,3.45,3.72,5.3,3.21,7.11,3.94,7.5,7.71,7.92
197104,2.19,3.99,5.06,6.21,5.11,0.94,3.58,5.2,2.64,5.2,4.91,5.71,6.78,6.87,3.26
197105,-3.33,-4.4,-2.93,-3.43,-4.98,-4.06,-2.54,-3.44,-5.5,-3.67,-2.2,-4.24,-2.51,-5.77,-4.12
197106,1.14,0.01,0.75,-2.05,-2.05,1.33,0.94,0.66,-0.73,-0.07,1.53,-3.97,0.12,-2.5,-1.57
197107,-2.39,-4.45,-4.51,-6.29,-8.94,-1.38,-3.47,-3.8,-5.17,-3.85,-5.48,-6.14,-6.47,-6.33,-11.71
197108,1.4,5.91,6.3,5.28,8.63,-0.05,2.97,7.02,4.68,5.21,7.91,4.66,6.05,9.09,8.12
197109,-0.15,-0.54,-1.16,-0.04,-1.98,-0.47,0.18,-0.58,-0.49,-1.63,-0.47,-0.07,0.01,-0.89,-3.22
197110,-1.96,-4.25,-6.52,-6.63,-6.97,-0.91,-3.05,-4.95,-3.44,-7.33,-5.36,-7.27,-5.85,-6.28,-7.77
197111,0.83,-0.04,-0.94,-0.7,-1.69,0.17,1.53,-0.55,0.52,-1.18,-0.62,-0.53,-0.9,-1.24,-2.21
197112,7.93,8.79,10.55,10.35,12.42,7.23,8.67,7.99,9.69,10.45,10.68,10.12,10.61,11.63,13.36
197201,0.63,2.27,3.61,6.28,10.26,0.74,0.52,0.44,4.29,3.17,4.23,6.15,6.43,7.71,13.26
197202,2.64,2.62,3.35,5.2,4.18,1.37,3.96,2.98,2.25,3.98,2.49,3.61,7.1,4.51,3.8
197203,0.07,2.43,0.77,-0.71,0.38,-1.4,1.56,2.49,2.36,1.6,-0.37,-2.13,0.92,0.88,-0.18
197204,0.51,0.18,1.46,2.04,0.29,0.06,0.95,-0.07,0.44,1.29,1.71,0.74,3.49,0.73,-0.22
197205,2.36,0.92,1.78,0.98,0.18,2.06,2.65,-0.56,2.49,2.66,0.54,0.06,1.98,0.27,0.08
197206,-0.67,-2.28,-2.53,-3.77,-7.15,-1.17,-0.19,-2.47,-2.09,-2.62,-2.39,-4.22,-3.3,-6.51,-7.86
197207,0.59,0.2,-0.8,-3.26,-5.14,1.18,0.13,0.49,-0.53,-0.25,-1.36,-1.59,-5.5,-4.48,-5.87
197208,4.39,3.75,4.16,1.85,-0.47,6.07,3.06,3.2,5.17,3.9,4.42,2.5,0.95,-0.39,-0.57
197209,0.79,-0.95,-2.28,-3.68,-3.8,1.04,0.59,-0.75,-1.45,-0.93,-3.67,-2.97,-4.68,-3.09,-4.6
197210,2.28,-0.2,-0.26,0.62,-2.08,3.5,1.28,-0.94,1.69,0.09,-0.63,0.94,0.16,-2.53,-1.57
197211,4.79,4.63,5.14,6.76,6.09,4.67,4.89,4.12,5.88,5.36,4.9,7.49,5.69,7.09,4.97
197212,1.77,0.99,0.22,0.14,-3.04,1.42,2.07,1.34,0.14,-0.54,1.04,2.06,-2.73,-1.69,-4.58
197301,-1.24,-0.01,-6.11,-7.47,-8.9,-0.25,-2.06,1.66,-4.14,-5.88,-6.34,-6.24,-9.4,-7.61,-10.43
197302,-3.66,-2.7,-5.43,-6.33,-10.37,-3.73,-3.6,-1.72,-5.27,-5.37,-5.49,-7.07,-5.14,-9.93,-10.91
197303,0.41,-0.48,-2.62,-2.32,-2.65,1.26,-0.3,-1.05,1.06,-1.84,-3.47,-1.91,-2.98,-2.69,-2.59
197304,-2.19,-5.66,-6.83,-7.41,-9.92,-0.59,-3.54,-5.75,-5.42,-4.8,-9.02,-7.07,-7.94,-9.22,-10.8
197305,-0.99,-0.99,-3.64,-5.86,-10.44,0.42,-2.24,-0.96,-1.09,-3.51,-3.78,-5.11,-7.06,-8.89,-12.37
197306,0.36,-0.62,-3.41,-3.48,-5.47,0.95,-0.17,-0.69,-0.45,-3.08,-3.79,-4.49,-1.83,-5.58,-5.33
197307,2.13,4.72,12.76,11,17.76,1.76,2.48,4.31,6.02,11.95,13.54,9.74,13.04,15.78,20.29
197308,-3.36,-2.42,-2,-4.59,-4.6,-3.84,-2.89,-3.03,-0.51,-1.7,-2.28,-4.03,-5.45,-4.47,-4.76
197309,4.25,3.29,9.67,9.43,12.34,4.36,4.13,0.92,10.52,9.33,9.99,8.23,11.35,10.57,14.53
197310,-0.3,1.13,0.15,-2.85,-2.04,1.75,-2.3,1.11,1.16,0.65,-0.32,-3.83,-1.32,-1.75,-2.37
197311,-8.89,-10.71,-17.45,-18.73,-23.87,-8.28,-9.51,-10.77,-10.54,-17.71,-17.21,-18.53,-19.04,-23.05,-24.85
197312,2.65,0.43,1.45,-0.86,-0.02,2.99,2.29,-0.87,4.01,-0.5,3.27,-2.01,0.9,1.46,-1.84
197401,-1.89,0.55,2.58,4.59,9.75,-3.74,0.04,1.61,-2.27,2.36,2.78,5.14,3.78,8.25,11.66
197402,-0.1,-0.22,1.21,0.87,2.62,0.02,-0.22,-0.32,0.05,1.76,0.7,0.84,0.92,3.58,1.44
197403,-1.83,-2.31,-2.87,-2.77,-3.33,-1.71,-1.96,-2.08,-2.93,-3.47,-2.32,-3.5,-1.68,-3.37,-3.27
197404,-4.39,-3.78,-4.96,-4.89,-4.63,-4.54,-4.24,-3.64,-4.18,-4.31,-5.55,-4.67,-5.21,-3.77,-5.73
197405,-2.73,-2.63,-5.14,-7.63,-5.58,-3.61,-1.84,-2.1,-4.11,-4.22,-5.98,-8.73,-6,-4.72,-6.69
197406,-1.55,-0.8,-2.74,-4.37,-4.81,-2.09,-1.02,-0.77,-0.9,-3.61,-1.93,-5.13,-3.28,-4.72,-4.93
197407,-6.72,-7.94,-7.27,-8.11,-9.07,-6.19,-7.52,-8.75,-5.61,-5.86,-8.85,-6.57,-9.99,-8.89,-9.29
197408,-8.58,-8.55,-8.9,-7.63,-8.17,-7.6,-10.06,-7.81,-10.61,-9.34,-8.4,-6.62,-8.91,-9.48,-6.64
197409,-10.3,-11.83,-12.04,-12.21,-10.89,-9.85,-11,-12.05,-11.2,-11.42,-12.74,-12.53,-11.8,-8.32,-13.8
197410,18.59,14.55,17.73,10.09,10.27,18.52,18.71,13.1,18.72,15.51,20.29,12.84,6.55,8.17,12.79
197411,-4.3,-3.59,-4.72,-3.77,-4.42,-3.93,-4.9,-4.14,-2.1,-4.09,-5.41,-3.78,-3.76,-4.9,-3.87
197412,-1.42,-2.54,-5.13,-4.36,-7.87,-0.52,-2.85,-2.22,-3.4,-4.77,-5.52,-3.28,-5.83,-6.87,-9
197501,10.26,15.4,18.18,21.91,32.57,8.23,13.54,15.45,15.24,18.26,18.09,18.24,27.07,31.7,33.58
197502,5.54,7.12,5.86,6.27,8.09,5.99,4.85,8.24,4.09,4.95,6.86,6.53,5.92,9.02,7.04
197503,0.55,3.8,6.34,9.11,11.02,-0.45,2.11,3.15,5.62,5.86,6.85,7.67,11.01,8.34,14.11
197504,4.73,3.36,7.01,6.39,7.87,3.44,6.69,2.52,5.69,6.56,7.5,6.33,6.45,10.35,5.14
197505,6.17,4.06,4.39,8.14,6.85,7.06,4.86,3.67,5.1,4.83,3.92,7.75,8.65,6.5,7.26
197506,4.2,5.49,5.92,8.4,7.92,4.2,4.22,5.12,6.46,6.35,5.45,7.18,9.96,6.77,9.23
197507,-5.02,-6.82,-6.46,-7.01,-7.67,-4.82,-5.35,-5.44,-7.93,-5.66,-7.48,-7.62,-6.28,-7.61,-7.76
197508,-1.47,-1.65,-3.03,-4.83,-5.58,-2.01,-0.56,-2.12,-1.26,-3.37,-2.58,-4.71,-4.98,-5.65,-5.47
197509,-3.26,-3.14,-4.7,-4.94,-4.45,-2.25,-4.92,-3.2,-3.09,-4.06,-5.52,-4.69,-5.24,-4.85,-3.91
197510,4.44,7.63,6.19,5.91,6.07,3.92,5.31,6.01,8.97,5.46,7.16,5.4,6.52,6.58,5.39
197511,2.01,4.12,2.83,3.79,4.72,1.59,2.71,3.82,4.37,2.85,2.8,3.29,4.4,6.9,1.76
197512,-0.05,-1.75,-1.33,-2.16,-2.49,-0.04,-0.06,-1.51,-1.95,-1.37,-1.26,-1.76,-2.65,-3.27,-1.37
197601,10.06,11.71,15.39,16.78,19.75,7.82,13.75,10.43,12.73,13.86,17.38,14.75,19.24,16.94,23.72
197602,-1.2,-0.36,2.85,3.14,6.52,-1.3,-1.05,-0.56,-0.2,3.12,2.5,2.24,4.19,4.78,8.83
197603,3.17,3.51,1.72,1.15,1.5,3.48,2.68,4.46,2.76,2.32,0.97,0.7,1.67,1.62,1.33
197604,0.59,-2.37,-0.42,-1.99,-4.08,0.84,0.19,-1.04,-3.44,-0.1,-0.82,-1.66,-2.36,-3.17,-5.25
197605,0.11,-1.55,-1.49,-1.01,-2.95,0.92,-1.17,-1.58,-1.52,-0.69,-2.53,-1.68,-0.25,-2.33,-3.77
197606,4.07,4.07,5.2,5.09,6.37,4.2,3.86,3.33,4.67,4.54,6.08,4.5,5.75,6.91,5.66
197607,0.3,-1,-0.68,-0.8,-3.22,0.87,-0.67,-1.07,-0.95,0.09,-1.49,-0.48,-1.11,-2.61,-3.97
197608,1.03,0.45,-1.42,-2.24,-3.23,1.47,0.28,0.45,0.45,-2.05,-0.75,-2.69,-1.8,-2.35,-4.33
197609,3.63,1.75,1.56,2.23,2.04,4.12,2.77,2.61,1.01,0.73,2.45,3.3,1.2,1.51,2.71
197610,-1.17,-1.95,-2.53,-3.01,-4.96,-0.82,-1.78,-1.78,-2.1,-2.29,-2.78,-2.8,-3.22,-4.73,-5.24
197611,0.67,-0.55,1.37,3.12,3.52,1.55,-0.88,-1.24,0.05,1.97,0.73,2.66,3.57,2.84,4.38
197612,5.57,5.34,6.89,6.93,9.04,4.84,6.89,7.02,3.91,6.8,6.98,6.78,7.07,8.82,9.32
197701,-1.8,-5.73,-4.66,-3.46,-3.56,-1.1,-3.06,-5.83,-5.65,-4.42,-4.91,-3.01,-3.89,-4.42,-2.47
197702,-1.52,-1.25,-1.35,-2.44,-2.58,-1.24,-2.03,-1.57,-0.97,-0.88,-1.83,-1.98,-2.89,-2.34,-2.87
197703,-1.08,-1.6,-0.71,0.52,-0.65,-1.18,-0.91,-2.4,-0.9,-0.24,-1.2,0.51,0.54,-1.19,0.03
197704,1.44,-1.56,1.7,1.46,0.39,1.97,0.47,-0.33,-2.62,0.59,2.87,1.88,1.05,1.7,-1.22
197705,-0.24,-2.52,-1.32,-0.1,-0.67,-0.14,-0.44,-1.86,-3.1,-2.1,-0.52,-0.63,0.43,-0.74,-0.59
197706,4.14,4.89,5.55,6.91,9.05,3.68,4.98,4.11,5.59,4.88,6.24,5.74,8.06,9.34,8.68
197707,-1.2,-1.39,-1.2,-1.58,-0.88,-1.48,-0.71,-0.95,-2.05,-0.7,-1.81,-2.01,-1.12,-1.49,-0.11
197708,-2.85,-0.01,-0.58,-1.32,-0.05,-3.01,-2.58,0.03,-0.08,-0.47,-0.71,-1.92,-0.68,-0.02,-0.09
197709,0.69,-0.26,-0.44,-0.19,0.81,0.92,0.29,-0.93,0.75,-0.41,-0.46,-0.21,-0.16,0.66,1
197710,-3.08,-4.69,-3.94,-4.14,-4.35,-3.44,-2.46,-4.09,-5.58,-3.99,-3.87,-3.11,-5.24,-4.1,-4.65
197711,3.03,3.68,5.57,7.71,9.72,2.57,3.82,3.76,3.55,6.12,4.91,7.78,7.64,9.62,9.84
197712,1.04,0.25,0.61,0.64,1.49,1.47,0.33,0.88,-0.73,0.52,0.71,0.96,0.29,1.59,1.37
197801,-5.29,-5.35,-6.05,-6.29,-4.96,-5.27,-5.32,-4.72,-6.34,-5.66,-6.51,-6.77,-5.77,-5.77,-3.99
197802,-0.44,-2.17,-1.39,-0.08,1.29,0.01,-1.19,-2.98,-0.89,-1.19,-1.65,-0.52,0.39,0.7,1.99
197803,2.82,1.27,4.94,5.23,9.19,2.23,3.82,-0.12,3.43,4.79,5.12,5.29,5.17,9.26,9.1
197804,5.16,10.1,10.72,10.26,11.18,4.84,5.7,10.28,9.83,10.66,10.8,10,10.53,11.35,10.99
197805,1.14,1.4,2.54,4.4,7.18,0.87,1.58,0.74,2.38,2.53,2.55,4.52,4.28,6.42,8.06
197806,-1.47,-1.19,-0.92,-1.09,-0.48,-1.91,-0.75,-1.56,-0.64,-0.86,-0.98,-0.79,-1.41,-0.5,-0.45
197807,3.15,6.14,6.5,7.37,9.33,2.66,3.95,5.07,6.96,6.05,6.98,6.95,8.06,8.16,10.63
197808,3.45,3.28,4.67,4.84,8.28,3.84,2.8,2.89,3.57,3.87,5.52,4.98,4.6,6.79,9.89
197809,1.81,-1.16,-2.26,-2.5,-2.86,2.45,0.78,-0.63,-1.55,-2.16,-2.37,-2.98,-1.73,-2.42,-3.31
197810,-7.91,-9.6,-11.57,-15.07,-20.47,-7.62,-8.38,-10.54,-8.9,-11.53,-11.61,-13.42,-17.69,-17.71,-23.39
197811,3.35,2.33,3.32,3.84,6.45,3.71,2.76,1.06,3.26,3.12,3.54,2.74,5.69,4.98,8.12
197812,1.05,2.27,1.96,1.57,1.88,0.97,1.19,0.02,3.87,2.55,1.35,1.83,1.14,0.5,3.41
197901,4.35,4.78,5.69,4.99,6.67,4.17,4.65,5.5,4.28,6.16,5.18,4.28,6.16,7.11,6.19
197902,-1.23,-2.47,-4.03,-4.17,-6.08,-0.94,-1.73,-2.54,-2.43,-3.91,-4.16,-3.42,-5.39,-5.41,-6.81
197903,4.6,6.22,6.68,9.17,10.09,4.76,4.32,6.31,6.17,6.76,6.6,8.86,9.69,8.81,11.51
197904,0.93,0.17,0.25,1.19,1.93,0.71,1.31,0.84,-0.3,0.26,0.23,0.82,1.79,2.56,1.26
197905,-1.04,-1.29,-1.74,-1.31,-2.52,-1.03,-1.05,-0.82,-1.62,-2.04,-1.41,-0.64,-2.4,-1.89,-3.21
197906,5.18,3.22,4.87,5.91,4.84,5.18,5.19,4.47,2.35,6.01,3.63,5.49,6.62,4.3,5.45
197907,1.59,1.01,1.49,1.81,3.16,1.06,2.15,2.08,0.19,1.16,1.88,1.32,2.66,3.32,3
197908,4.86,5.9,7.1,7.88,8.99,3.93,5.84,6.99,5.06,7.16,7.03,7.54,8.47,9.23,8.72
197909,0.98,0.09,0,-1.58,-1.18,-0.68,2.68,1.35,-0.9,0.2,-0.24,-2.02,-0.82,-2.4,0.14
197910,-4.66,-8.45,-8.07,-8.03,-10.4,-3.83,-5.47,-8.56,-8.36,-7.36,-8.91,-7.68,-8.61,-10.45,-10.35
197911,5.88,6.02,6.65,5.12,8.6,6.36,5.4,4.88,6.94,6.02,7.4,3.93,7.15,5.71,11.62
197912,0.76,2.2,3.34,4.59,7.2,0,1.53,2.74,1.77,3.39,3.28,4.7,4.41,6.8,7.59
198001,6.6,6.26,5.22,6.46,7.1,5.4,7.81,8.88,4.15,5.67,4.7,6.04,7.14,4.2,9.98
198002,4.51,-2.22,-3.66,-3.65,-1.42,2.02,6.96,0.53,-4.51,-3.09,-4.34,-4.05,-2.99,-0.86,-1.95
198003,-11.09,-11.38,-10.47,-10.47,-17.27,-9.14,-12.92,-12.7,-10.22,-11.58,-9.13,-9.01,-12.82,-15.72,-18.73
198004,7.06,3.78,4.1,3.46,5.78,7.58,6.56,5.31,2.48,4.23,3.93,3.26,3.81,6.01,5.55
198005,4.77,6.17,7.25,6.52,8,4.57,4.97,5.78,6.52,6.74,7.84,5.72,7.86,7.89,8.1
198006,3.27,4.58,2.73,3.61,3.34,3.48,3.06,5.3,3.95,3.09,2.31,3.41,3.93,2.81,3.88
198007,3.71,6.47,9.54,10.87,13.43,0.7,5.97,5.62,7.61,9.59,9.48,9.9,12.29,12.42,14.94
198008,1.14,1.55,1.95,5.34,6.86,0.46,1.63,1.79,1.23,1.68,2.28,5.12,5.66,6.65,7.16
198009,0.75,3.45,4.24,3.51,5.98,-1.76,2.52,3.45,3.44,4.32,4.15,3.43,3.61,6.16,5.71
198010,1.03,1.99,1.69,3.35,2.94,-1.65,2.82,2.5,1.31,2.36,0.88,3.09,3.73,2.73,3.26
198011,6.45,13.2,11.77,11.44,11.6,-0.16,10.68,13.03,13.43,11.79,11.75,11.45,11.42,11.11,12.33
198012,-0.62,-4.06,-4.18,-3.71,-3.9,3.26,-2.77,-3.84,-4.36,-3.6,-4.89,-5.15,-1.67,-3.52,-4.45
198101,-1.37,-5.09,-4.38,-5.72,-6.5,2.26,-3.48,-5.56,-4.44,-4.74,-3.94,-4.45,-7.45,-6.61,-6.35
198102,1.82,2.03,2.23,2.52,-0.88,1.22,2.19,2.37,1.56,1.77,2.8,3.25,1.5,-0.94,-0.79
198103,2.47,2.95,6.54,7.18,11.35,3.27,1.99,2.36,3.75,6.9,6.1,6.62,7.97,10.1,13.17
198104,0.32,-3.41,-0.6,-0.37,2.06,2.95,-1.3,-3.24,-3.63,-0.41,-0.83,-0.55,-0.12,1.82,2.4
198105,1.11,-0.27,1.81,1.48,5.15,3.99,-0.74,-0.2,-0.38,2.15,1.38,0.81,2.4,4.38,6.2
198106,0.68,0.4,-1.8,-2.39,-5.3,0.81,0.59,0.44,0.33,-1.91,-1.66,-1.44,-3.67,-4.04,-6.98
198107,-1.45,-3.31,1,2.94,0.66,0.39,-2.85,-3.96,-2.45,-0.99,3.25,3.8,1.44,1.04,0.28
198108,-3.01,-5.07,-5.77,-7.2,-8.67,-0.69,-4.8,-4.11,-6.32,-5.41,-6.17,-6.87,-7.79,-8.08,-9.26
198109,-0.81,-4.43,-7.64,-9.17,-9.82,0.19,-1.61,-3.83,-5.22,-5.99,-9.42,-8.71,-9.99,-9.05,-10.63
198110,4.65,3.79,5.39,7.95,11.38,5.23,4.18,2.29,5.81,4.07,7,7.32,9.1,8.55,14.41
198111,4.38,4.99,4.97,5.87,0.78,4.12,4.6,4.97,5.01,5.75,4.03,6.46,4.85,1.14,0.41
198112,-2.14,-0.83,-3.16,-4.4,-4.16,-2.4,-1.94,0.21,-2.18,-2.92,-3.45,-5.12,-3.13,-4.41,-3.91
198201,1.1,0.26,-4.11,-7.15,-4.13,1.59,0.71,1.52,-1.41,-2.99,-5.47,-7.61,-6.33,-4.02,-4.26
198202,-1.64,-2.89,-4.47,-9.54,-8.9,-1.28,-1.93,-2.5,-3.43,-4.57,-4.36,-10.12,-8.52,-7.72,-10.15
198203,2.17,0.14,-1.37,-3.62,-4.09,2.91,1.57,-0.19,0.61,-1.3,-1.47,-2.47,-5.5,-2.79,-5.47
198204,3.47,4.5,4.04,5.21,6.56,2.28,4.48,4.44,4.57,3.87,4.25,4.88,5.77,6.21,6.93
198205,-2.22,-3.25,-2.03,-2.29,-5.88,-1.09,-3.17,-3.43,-2.99,-3.18,-0.59,-1.56,-3.53,-5.61,-6.16
198206,-0.16,-1.19,-3.43,-3.52,-3.28,-1.51,0.98,-0.88,-1.63,-2.19,-4.92,-2.99,-4.42,-1.5,-5.2
198207,-0.77,0.66,-2.83,-5.14,-5.59,0.11,-1.77,1.6,-1.09,-2.35,-3.34,-6.17,-3.3,-6.97,-3.9
198208,11.36,11.48,13.01,11.99,12.17,11.37,11.35,11.15,12.12,12.25,13.82,11.45,12.92,10.8,13.82
198209,1.34,3.41,1.49,2.17,0.33,0.95,1.78,3.26,3.7,2,0.96,2.24,2.04,1.03,-0.5
198210,9.39,12.65,11.57,11.47,17.33,7.26,11.78,11.79,14.27,11.42,11.73,9.59,14.72,15.71,19.26
198211,4.45,6.24,5.74,3.45,6.87,3.44,5.54,6.78,5.23,4.82,6.69,2.24,5.44,3.86,10.31
198212,0.42,1.85,1.17,2.49,1.16,1.17,-0.37,2.73,0.17,2.1,0.21,3.38,1.12,2.23,0.02
198301,2.83,2.74,3.72,5.01,8.64,5.29,0.18,3.08,2.05,2.31,5.2,4.66,5.56,6.5,10.97
198302,2.26,4.07,3.49,4.77,1.66,1.39,3.24,3.38,5.47,3.43,3.54,4.36,5.41,0.86,2.5
198303,2.91,3.86,4.14,4.02,2.79,2.04,3.87,3.28,5.01,6.36,1.89,4.67,3.05,4.07,1.48
198304,6.36,9.64,6.82,6.58,7.26,4.57,8.29,10.16,8.62,8.47,5.06,6.32,6.98,7.18,7.34
198305,-2.36,-1.09,2.37,3.58,6.57,-1.97,-2.76,-2.3,1.31,1.75,3.05,2.3,5.53,5.61,7.59
198306,1.57,4.68,4.28,5.05,4.85,-1.28,4.55,5.53,3.04,3.1,5.55,4.77,5.47,5.57,4.09
198307,-2.19,-1.55,-3.65,-4.22,-6.39,-1.63,-2.87,-1.67,-1.25,-2.96,-4.21,-3.95,-4.53,-4.89,-7.88
198308,1,0.66,1.45,0.16,-2.22,2.14,-0.42,0.92,0.02,0.36,2.38,0.88,-0.69,-1.42,-3.03
198309,3.45,2.6,0.57,0.63,-1.07,4.04,2.7,2.24,3.46,1.78,-0.44,-0.05,1.45,0.69,-2.88
198310,0.88,-0.64,-4.16,-4.83,-8.63,1.08,0.63,-0.06,-2.03,-4.31,-4.03,-5.01,-4.61,-7.31,-10.03
198311,1.31,1.59,3.79,5.37,5.39,1.31,1.32,0.8,3.49,3.11,4.36,5.27,5.49,4.51,6.36
198312,-2.8,0.34,0.14,0.09,-1.73,-2.98,-2.58,0.67,-0.44,0.18,0.12,-1.11,1.56,-1.64,-1.83
198401,0.12,-2.09,1.36,-0.83,-5.08,1.04,-1.06,-2.32,-1.55,0.07,2.44,-3.1,1.89,-3.79,-6.43
198402,-3.39,-3.61,-3.22,-5.93,-4.78,-3.41,-3.36,-3.67,-3.48,-3.52,-2.97,-6.02,-5.82,-3.37,-6.3
198403,-0.74,2.62,1.71,2.83,0.52,-1.55,0.32,2.35,3.26,1.32,2.03,3.4,2.09,0.83,0.17
198404,0.46,1.17,1.25,-0.12,-1.72,0.33,0.62,1.38,0.7,1.07,1.4,-0.05,-0.22,-1.71,-1.74
198405,-3.2,-5.11,-5.58,-6.37,-7.3,-1.76,-5.04,-4.87,-5.69,-6.94,-4.49,-5.9,-6.99,-5.85,-8.92
198406,5.41,2.21,1.22,2.27,1.62,5.2,5.68,0.98,5.47,0.42,1.84,2.27,2.27,1,2.35
198407,-0.01,-0.7,-2.84,-3.86,-6.64,1.35,-1.57,-0.21,-1.74,-2.32,-3.4,-3.39,-4.42,-5.33,-7.81
198408,7.55,11.45,12.21,12.64,16.33,6.32,9,11,12.43,12.11,12.33,12.47,12.86,15.19,17.37
198409,1.83,0.81,-0.67,-1.82,-2.74,3.05,0.43,1.19,0,-0.34,-1.04,-1.91,-1.71,-2.2,-3.23
198410,2.53,0.33,-0.32,-2.23,-1.68,2.9,2.09,0.99,-1.12,-0.74,0.17,-1.73,-2.86,-0.16,-3.06
198411,1.06,-1.27,-1.58,-1.35,-3.6,1.42,0.63,-1.54,-0.66,-0.13,-3.23,-1.94,-0.61,-3.11,-4.07
198412,2.41,3.01,1.95,1.96,2.34,2.2,2.67,3.36,2.25,1.32,2.68,2.64,1.11,1.98,2.69
198501,4.12,8.91,9.26,9.93,14.48,2.61,5.91,8.78,9.2,7.8,10.96,9.47,10.5,12.28,16.58
198502,2.92,1.15,2.55,1.33,0.31,2.83,3.02,0.74,2.09,2.84,2.22,1.35,1.31,1.42,-0.7
198503,3.42,-1.06,-1.32,-1.13,-2.74,4.66,2,-1.72,0.43,-1.93,-0.63,-1.61,-0.52,-1.44,-3.95
198504,-0.39,0.78,0.03,-0.73,-3.33,-0.59,-0.16,0.11,2.28,1.12,-1.18,-0.35,-1.2,-2.26,-4.36
198505,6.85,6.67,4.63,4.58,4.36,6.85,6.85,6.77,6.45,4.35,4.96,5.12,3.89,4.94,3.8
198506,2.88,1.39,0.53,1.47,1.21,3.68,1.96,0.22,3.98,1.11,-0.07,2.17,0.57,1.05,1.37
198507,-3.02,1.09,-0.36,0.99,2.43,-4.18,-1.6,1.02,1.27,-0.59,-0.02,0.44,2.07,3.35,1.46
198508,0.98,-0.87,-0.98,-0.55,-2.02,1.31,0.57,-0.93,-0.73,-1.1,-0.8,-0.04,-1.55,-1.26,-2.84
198509,-2.2,-2.96,-3.68,-5.34,-7.09,-2.72,-1.6,-2.79,-3.36,-4,-3.21,-4.58,-6.88,-6.51,-7.67
198510,5.22,4.79,5.13,4.25,3.31,5.51,4.87,4.81,4.76,6.09,3.74,4.63,3.46,1.8,4.86
198511,7.27,7.43,6.04,6.2,8.32,7.17,7.38,7.49,7.31,5.23,7.27,5.86,6.9,8.32,8.32
198512,4.69,5.49,3.71,2.87,4.58,4.78,4.58,6.19,3.82,2.82,5.05,2.7,3.2,4.36,4.81
198601,1.56,0.65,1.5,0.25,0.94,0,3.45,0.17,1.83,0.45,3.04,0.04,0.66,-0.18,2.05
198602,8.04,6.97,9.48,7.2,7.65,8.63,7.35,6.53,8.02,9.7,9.18,7.45,6.68,7.75,7.55
198603,6.29,5.81,5.21,4.79,4.1,5.5,7.23,6.07,5.2,5.24,5.16,4.28,5.88,5.05,3.15
198604,-0.26,-0.49,-1.62,-1.79,-0.86,-0.73,0.29,-0.65,-0.09,-1.98,-1.1,-1.46,-2.49,-0.16,-1.56
198605,5.44,4.72,5.88,5.21,4.32,4.55,6.46,4.62,4.97,5.93,5.8,5.31,4.98,5.48,3.14
198606,4.94,1.4,-0.39,-1.06,-0.82,4.67,5.24,1.8,0.42,0.01,-0.95,-0.74,-1.76,0.29,-1.98
198607,-1.35,-6.33,-6.73,-8.45,-9.5,0.19,-2.85,-5.6,-7.17,-6.4,-7.03,-9.26,-7.27,-9.43,-9.6
198608,6.46,7.46,7.07,5.23,5.9,4.99,7.92,7.58,7.33,6.85,7.27,4.84,5.8,6.74,4.85
198609,-8.72,-7.44,-8.32,-8.49,-8.45,-9.68,-7.78,-6.87,-8.1,-8.07,-8.54,-8.7,-8.18,-7.32,-9.89
198610,5.87,3.86,6.02,5.74,5.99,7.16,4.65,2.49,5.48,6.33,5.73,5.82,5.62,5.8,6.23
198611,1.43,2.33,1.08,1.76,0.92,1.18,1.67,1.95,2.78,0.38,1.71,2.22,1.08,1.7,-0.07
198612,-2.31,-2.38,-2.93,-3.18,-3.83,-3.08,-1.56,-2.62,-2.11,-3.35,-2.55,-3.66,-2.46,-4.4,-3.07
198701,11.03,12.8,13.37,13.96,15.18,9.65,12.36,10.7,15.17,12.8,13.88,13.08,15.25,13.64,17.22
198702,0.63,4.26,6.25,7.74,9.09,-0.63,1.8,4.63,3.87,7.59,5.11,8.02,7.35,7.21,11.5
198703,1.96,3.1,1.73,1.03,0.72,0.87,2.95,4.06,2.04,1.15,2.24,0.74,1.47,2.17,-1.06
198704,-2.84,-0.56,-0.4,-2.38,-2.81,-3.46,-2.29,-0.7,-0.41,-1.15,0.25,-1.13,-4.19,-3,-2.58
198705,1.01,0.17,0.79,0.88,0.57,0.87,1.12,1.22,-1.01,1.07,0.55,1.65,-0.28,1.15,-0.16
198706,5.48,5.02,4.47,4.55,1.73,4.76,6.12,4.51,5.59,4.43,4.49,4.79,4.18,3.64,-0.69
198707,2.79,5.77,4.22,5.51,4.28,2.49,3.07,4.88,6.69,3.76,4.89,5.24,5.77,5.22,2.78
198708,3.57,4.31,4.39,2.54,5.6,3.26,3.84,2.84,5.83,5.09,3.36,1.98,3.06,6.05,4.86
198709,-1.58,-0.29,-3.25,-2.25,-4.67,-2.54,-0.75,-0.55,-0.02,-3.84,-2.37,-3.26,-1.34,-4.32,-5.26
198710,-13.72,-22.35,-24.55,-26.63,-31.01,-12.13,-15.08,-20.61,-24.06,-24.41,-24.74,-27.13,-26.19,-29.73,-33.17
198711,-7.66,-6.58,-7.17,-6.87,-10.1,-6.55,-8.64,-6.44,-6.73,-7.14,-7.22,-7.04,-6.72,-10.48,-9.42
198712,3.99,6.4,8.41,10.61,10.23,3.25,4.66,5.79,7.03,8.19,8.73,10.56,10.65,9.62,11.31
198801,7.43,4.05,2.46,3.59,4.1,9.65,5.45,4.12,3.99,1.59,3.74,4.5,2.8,4.12,4.07
198802,2.05,4.82,6.2,7.6,8.23,1.56,2.5,3.96,5.7,5.56,7.12,7.78,7.45,8.05,8.55
198803,-1.97,-1.8,-3.7,-0.27,-2.15,-1.23,-2.64,-1.59,-2.02,-4,-3.27,-0.5,-0.07,-2.56,-1.43
198804,1.46,0.43,0.88,0.88,1.2,2.25,0.73,1.06,-0.21,0.95,0.78,2.76,-0.8,0.16,2.99
198805,1.59,-0.01,0.25,-0.2,-0.82,1.49,1.69,0.69,-0.71,0.61,-0.25,0.21,-0.58,-0.57,-1.26
198806,1.45,5.39,6.85,7.03,8.34,0,2.8,4.94,5.85,7.73,5.6,8.25,5.88,8.32,8.38
198807,0.52,-0.8,-1.14,-0.87,-2.51,0.55,0.5,-0.3,-1.37,-2.24,0.12,-0.6,-1.26,-2.31,-2.71
198808,-1.01,-2.91,-2.81,-3.69,-5.02,-1.02,-1,-2.11,-3.85,-3.16,-2.41,-3.74,-3.63,-4.72,-5.37
198809,2.63,3.98,4.86,4.81,3.53,1.84,3.1,3.67,4.35,4.67,5.08,5.3,4.11,4.04,2.94
198810,2.7,2.47,1.32,1.98,-1.01,1.87,3.19,2.02,3,1.68,0.91,3.38,-0.07,-1.8,-0.07
198811,-0.89,-1.62,-1.41,-2.28,-4.11,-0.07,-1.37,-1.22,-2.08,-1.01,-1.86,-1.41,-3.62,-3.79,-4.5
198812,1.36,2.04,2.1,2.46,3.54,1.67,1.16,1.93,2.17,2.06,2.14,1.85,3.42,2.86,4.33
198901,4.66,6.49,7.72,7.68,7.23,2.71,5.86,6.59,6.38,8.97,6.33,8.09,7.04,8.1,6.24
198902,-1.91,-1.77,-1.91,-1.8,-0.77,-1.2,-2.33,-1.35,-2.28,-2.23,-1.55,-1.8,-1.81,-0.28,-1.35
198903,2.61,1.8,2.41,2.53,1.71,1.64,3.19,3.01,0.33,0.81,4.2,2.24,2.98,2.12,1.22
198904,4.61,5.37,5.19,4.97,4.55,3.9,5.03,5.74,4.91,5.21,5.17,4.6,5.54,4,5.2
198905,4.1,3.29,4.17,4.46,6.79,4.46,3.89,3.82,2.64,4.12,4.23,3.71,5.51,7.63,5.82
198906,1.13,-0.13,-1.33,-1.61,-3.15,1.74,0.77,-0.24,0.01,-1.07,-1.6,-1.94,-1.17,-2.52,-3.91
198907,6.02,8.21,9.26,8.84,7.92,5.24,6.41,9.11,7.08,8.62,9.85,8.78,8.89,9.15,6.27
198908,0.43,2.32,2.44,2.84,3.53,-0.62,0.96,2.69,1.84,3.09,1.84,2.33,3.34,2.44,5.04
198909,0.72,-0.03,-0.63,-1.09,0.55,0.22,0.97,1.05,-1.43,0.28,-1.47,-1.37,-0.81,0.36,0.79
198910,-0.17,-2.55,-3.7,-4.85,-5.63,1.6,-1.04,-1.54,-3.89,-3.63,-3.78,-6.03,-3.62,-5.17,-6.27
198911,2.95,1.44,1.63,0.87,0.93,2.92,2.96,2.33,0.21,1.59,1.68,1.29,0.45,1.8,-0.26
198912,4.62,1.89,1.43,-0.88,-0.22,3.85,5.01,3.1,0.21,1.07,1.76,0.28,-2.05,-0.04,-0.47
199001,-6.24,-7.8,-7.26,-6.69,-8.44,-4.83,-6.95,-8.78,-6.38,-7.61,-6.94,-6.93,-6.46,-7.6,-9.59
199002,0.42,1.72,1.51,2.42,4.05,0.77,0.24,1.08,2.61,2.04,1.01,2.6,2.26,3.69,4.57
199003,0.83,3.04,2.11,3.51,4.54,-0.68,1.6,2.93,3.2,1.01,3.15,4.89,2.17,3.28,6.31
199004,-3.3,-2.12,-2.18,-3.56,-2.86,-4.55,-2.68,-2.82,-1.15,-3.28,-1.17,-4.02,-3.08,-1.49,-4.73
199005,6.94,9.18,8.86,10.18,13.57,4.46,8.14,8.74,9.78,9.95,7.88,10.3,10.05,14.22,12.64
199006,-0.9,-1.15,-0.04,0.01,0.7,0.44,-1.52,-2.05,0.08,-0.95,0.8,0.04,-0.01,1.55,-0.52
199007,1.99,-1.02,-1.5,-3.34,-4.36,2.02,1.98,-0.02,-1.84,-1.43,-1.57,-1.61,-5.45,-3.07,-6.41
199008,-5.89,-9,-9.64,-11.96,-13.92,-6.49,-5.6,-9.57,-8.52,-8.92,-10.44,-11.01,-13.18,-12.81,-15.74
199009,-1.06,-3.7,-8.31,-7.73,-9.84,-0.39,-1.38,-4.26,-3.24,-7.29,-9.47,-6.12,-9.85,-6.99,-14.63
199010,1.7,-0.24,-2.31,-2.77,-4.57,5.24,-0.03,-0.45,-0.07,-1.71,-3.02,-1.43,-4.59,-4.26,-5.12
199011,3.48,6.13,8.36,8.97,12.15,2.15,4.17,5.34,6.77,8.21,8.55,7.65,10.83,11.29,13.74
199012,1.46,2.6,4.05,4.66,4.41,1.56,1.4,2.64,2.57,3.81,4.32,4.58,4.76,3.91,5.31
199101,-0.67,3.62,6.79,10.39,11,-1.02,-0.49,1.43,5.37,6.3,7.38,10.38,10.41,9.38,13.79
199102,6.04,6.82,8.09,9,10.07,5.33,6.4,6.74,6.87,9.03,6.99,9.6,8.18,9.31,11.34
199103,2.45,1.72,3.38,3.81,5.7,2.31,2.51,3.33,0.5,4.06,2.57,2.65,5.42,5.02,6.82
199104,0.55,0.1,0.62,-0.54,0.9,0.71,0.47,1.33,-0.86,-0.37,1.81,-0.26,-0.91,1.36,0.17
199105,0.02,4.04,5.6,6,6.28,-0.18,0.12,1.68,5.92,5.09,6.2,6.6,5.17,7.11,4.93
199106,-2.26,-3.24,-5.06,-6.96,-6.13,-1.55,-2.61,-2.15,-4.07,-5.83,-4.18,-7.28,-6.51,-5.64,-6.95
199107,3.48,5.02,3.76,6.14,6.27,4.77,2.91,5.52,4.37,4.28,3.28,6.53,5.58,6.15,6.45
199108,1.68,2.5,3.2,2.88,5.21,2.51,1.31,2.31,2.76,3.74,2.69,2.88,2.89,5.22,5.2
199109,1.16,-2.04,-1.98,-2.32,-0.97,3.45,0.11,-0.61,-3.87,-1.14,-2.8,-2.59,-1.91,-0.98,-0.95
199110,2.26,1.72,1.77,0.61,0.86,1.55,2.6,2.14,1.17,2.88,0.69,0.6,0.62,0.3,1.65
199111,-2.18,-3.17,-5.26,-4.39,-5.28,0.26,-3.33,-2.85,-3.62,-4.93,-5.59,-3.26,-6.04,-6.22,-3.94
199112,7.41,10.84,14.47,13,12.9,5.6,8.29,9.76,12.3,13.65,15.3,11.64,15.05,12.79,13.06
199201,-3.53,-2.01,0.32,2.31,8.42,-3.55,-3.53,-3.01,-0.69,-0.46,1.1,2.31,2.32,7.36,9.89
199202,-1.02,0.53,2.57,4.73,3.03,-1.37,-0.85,0.38,0.72,1.22,3.91,4.71,4.77,4.31,1.29
199203,-1.58,-1.61,-2.51,-1.9,-5.27,-1.2,-1.76,-1.88,-1.26,-2.87,-2.17,-2.76,-0.65,-5.05,-5.58
199204,4.33,2.63,1.69,-0.74,-4.21,3.61,4.68,2.15,3.24,2.07,1.34,-0.61,-0.93,-2.59,-6.54
199205,0.91,0.83,0.65,0.8,-1,1.84,0.47,1.8,-0.38,0.05,1.23,1.77,-0.57,-0.42,-1.85
199206,0.15,-2.56,-1.93,-2.9,-3.81,0.33,0.06,-2.69,-2.39,-2.32,-1.55,-2.3,-3.76,-2.13,-6.35
199207,4.81,4.2,3.29,4.46,3.35,6.17,4.17,4.4,3.89,4.16,2.54,4.13,4.8,2.79,4.29
199208,-0.3,-2.24,-1.68,-4.62,-4.53,-0.22,-0.34,-1.44,-3.44,-2.16,-1.26,-4.7,-4.55,-4.72,-4.21
199209,0.62,0.03,2.78,3.37,1.74,0.67,0.6,-0.25,0.47,2.31,3.19,2.88,3.87,2.37,0.7
199210,-1.41,1.4,0.57,3.24,6,-0.52,-1.83,1.01,2,-0.34,1.35,2.08,4.4,5.87,6.21
199211,0.58,2.63,5.86,6.61,10.43,-1.25,1.46,1.95,3.67,5.59,6.08,6.45,6.76,10.02,11.11
199212,1.06,1.64,1.36,3.09,3.21,3.15,0.08,1.87,1.29,0.55,2.03,3.06,3.11,3.48,2.77
199301,1.2,-0.64,0.66,3.57,4.23,2.93,0.37,-0.67,-0.6,-0.12,1.3,2.44,4.68,5.1,2.8
199302,4.58,0.36,-0.51,-0.54,-3.13,5.14,4.31,0.78,-0.27,-1.55,0.34,-0.73,-0.37,-2.3,-4.51
199303,2.19,1.65,2.72,3.24,3.92,2.29,2.14,1.4,2.03,2.89,2.59,2.55,3.88,3.77,4.18
199304,-1.3,-1.52,-4.71,-2.9,-4.7,-0.57,-1.67,-2.32,-0.32,-4.51,-4.86,-2.08,-3.65,-5,-4.19
199305,0.84,2.29,3.78,4.93,6.07,0.58,0.98,2.66,1.75,2.8,4.56,4.91,4.94,5.03,7.81
199306,1.81,-0.14,-0.54,0.47,1.62,1.98,1.73,0.43,-1,-0.4,-0.66,0.2,0.72,1.91,1.15
199307,0.84,-0.92,-0.18,-0.95,0.08,0.77,0.88,-0.58,-1.3,-1.77,1.58,-1.73,0.23,-0.49,0.88
199308,4.3,3.15,2.96,4.73,5.16,3.49,4.74,3.03,3.28,3.82,2.03,5.35,3.8,5.4,4.83
199309,-0.26,-1.11,-0.97,0.98,3.43,-0.56,-0.11,-1.41,-0.77,-1.91,0.04,1.55,0.1,3.41,3.46
199310,0.08,2.64,2.95,1.76,-0.43,-0.91,0.59,1.83,3.57,3.27,2.62,2.4,0.79,-1.62,1.2
199311,-3.58,-0.36,0.27,-1.82,-1.94,-3.62,-3.56,-1.92,1.43,1.18,-0.71,-2.47,-0.82,-1.18,-2.94
199312,0.9,1.92,1.39,2.94,2.54,2.16,0.25,1.5,2.38,0.13,2.78,2.67,3.36,2.64,2.4
199401,1.6,2.59,3.68,3.78,5.28,0.69,2.08,1.74,3.51,4.27,3.05,4.11,3.26,5.03,5.61
199402,-4.08,-2.71,-1.21,-1.81,-1.12,-4.34,-3.95,-2.44,-3.01,-0.69,-1.77,-2.55,-0.68,-1.4,-0.75
199403,-2.83,-4.24,-5,-5.62,-4.48,-2.87,-2.81,-3.6,-4.93,-4.75,-5.27,-4.88,-6.73,-4.1,-4.99
199404,2.24,1.77,0.76,-1.67,0.86,2.5,2.11,2.01,1.52,0.82,0.71,-2.22,-0.83,0.69,1.09
199405,-0.32,2.58,0.46,1.79,1.1,-0.88,-0.03,2.81,2.33,-1.04,2.11,1.94,1.56,0.85,1.42
199406,-1.44,-2.67,-2.08,-3.26,-4.16,-2.41,-0.94,-1.61,-3.84,-1.11,-3.12,-3.13,-3.44,-4.16,-4.16
199407,2.8,3.18,3.1,3.13,3.28,2.9,2.76,3.36,3.06,4.14,2.51,3.73,2.1,4.12,2.1
199408,1.41,5.93,3.64,4.66,7.8,1.2,1.52,5.21,6.38,4.02,3.43,3.95,5.89,7.6,8.09
199409,-1.33,-1.09,-3.45,-2.43,-3.3,-1.01,-1.5,-1.13,-1.06,-2.72,-3.87,-2.68,-2,-3.69,-2.73
199410,2.53,1.52,1.62,0.9,2.29,2.7,2.45,2.08,1.17,1.36,1.78,1.08,0.6,2.92,1.36
199411,-3.42,-2.47,-4.52,-3.13,-4.83,-4.04,-3.1,-2.21,-2.64,-4.38,-4.6,-2.43,-4.32,-5.01,-4.57
199412,0.9,1.9,1.81,0.73,0.36,0.71,0.99,2.15,1.74,1.04,2.26,1.38,-0.39,0.2,0.59
199501,3.36,1.98,2.06,2.45,1.98,2.65,3.72,1.89,2.04,2.82,1.64,3.18,1.16,2.35,1.43
199502,2.4,3.66,4.16,5.64,6.22,2.92,2.13,3.17,3.98,3.42,4.58,5.83,5.3,6.6,5.64
199503,2.04,3.51,2.49,2.48,2.03,2.78,1.67,2.8,3.95,3.11,2.15,1.79,3.73,1.95,2.15
199504,3.58,2.67,1.7,2.43,2.64,4.11,3.31,2.67,2.66,1.67,1.72,3.02,1.38,3.7,1.02
199505,2.81,4.26,3.25,3.85,4.27,3.19,2.61,3.52,4.72,2.83,3.48,3.62,4.25,4.58,3.78
199506,0.29,2.81,2.79,4.93,6.61,0.14,0.36,3.15,2.6,3.5,2.4,5,4.81,6.15,7.33
199507,2.52,2.71,3.82,5.71,6.88,3.93,1.49,3.25,2.32,3.95,3.67,5.34,6.4,4.99,9.06
199508,0.68,0.57,0.32,1.67,2.42,0.78,0.61,0.7,0.47,-0.79,1.54,1.99,1.06,0.66,4.37
199509,4.54,4.99,3.15,3.48,2.72,2.56,6.02,4.47,5.38,4.25,1.96,3.64,3.2,2.16,3.31
199510,0.8,0.06,-1.46,-4.06,-2.01,1.16,0.53,-0.26,0.3,-3.27,0.53,-3.87,-4.42,0.68,-4.8
199511,3.5,5.57,5.15,4.73,2.41,2.45,4.28,5.09,5.92,7.15,3,5.45,3.38,1.26,3.66
199512,4.14,2.29,1.12,0.69,-2.28,5.44,3.2,2.25,2.32,2.18,-0.07,0.95,0.21,-2.76,-1.78
199601,2.37,3.25,3.07,3.35,2.22,2.28,2.43,2.89,3.51,2.16,4.12,4.34,1.51,1.25,3.22
199602,-0.91,1.45,2,2.58,4.64,-0.73,-1.04,2.03,1.03,1.3,2.81,1.41,4.83,5.28,4
199603,0.12,1,2.44,1.86,0.01,-0.89,0.86,1.88,0.35,3.1,1.69,1.59,2.37,0.71,-0.7
199604,1.16,0.29,2.31,2.66,5.98,1.32,1.04,0.31,0.27,1.28,3.48,2.22,3.48,6.21,5.73
199605,1.04,3.28,3.05,2.37,3.76,0.73,1.26,3.18,3.35,4.1,1.89,2.4,2.32,4.33,3.13
199606,1.77,0.9,-0.14,-2.45,-3.82,1.48,1.97,0.96,0.86,1.57,-2.11,-2.48,-2.38,-3.98,-3.63
199607,-3.72,-5.18,-4.72,-5.45,-7.1,-3.95,-3.58,-6.4,-4.12,-4.75,-4.69,-4.39,-7.02,-5.48,-8.4
199608,2.18,2.87,3.18,2.87,4.69,3.88,1.17,2.17,3.46,3.61,2.72,1.7,4.65,4.23,5.07
199609,3.27,4.18,5.41,5.85,8.97,2.87,3.51,3.6,4.67,5.36,5.46,5.49,6.38,7.35,10.3
199610,2.92,1.52,2.78,0.54,1.47,2.88,2.95,2.13,1.02,2.99,2.54,1.37,-0.66,1.99,1.07
199611,5.72,5.37,6.83,9.07,8.13,6.94,4.99,5.39,5.35,6.58,7.09,8.23,10.32,7.96,8.27
199612,-0.32,-0.68,-2.3,-0.63,-1.8,-0.78,-0.05,0.47,-1.63,-2.92,-1.63,0.32,-1.98,-2.87,-0.95
199701,3.41,4.82,5.27,6.51,8.89,2.52,3.94,3.86,5.63,4.33,6.24,7.26,5.43,6.94,10.42
199702,-0.2,1.09,1.75,0.85,-3.59,-1.52,0.58,0.45,1.62,2.37,1.12,0.79,0.95,0.42,-6.64
199703,-1.37,-4.57,-3.57,-5.54,-7.34,-3.09,-0.38,-3.89,-5.12,-3.31,-3.85,-5.86,-5.07,-7.88,-6.89
199704,2.91,5.24,5.62,5.92,4.56,3.21,2.75,3.26,6.82,5.55,5.69,7.36,3.83,7.09,2.52
199705,6.19,6.14,6.27,7.1,9.04,6.76,5.86,6.29,6.02,7.26,5.23,6.94,7.34,7.48,10.36
199706,4.04,4.22,5.59,3.81,3.3,4.13,3.99,4.4,4.08,6.28,4.85,3.78,3.84,5.25,1.7
199707,7.99,6.21,7.86,7.89,10.38,5.93,8.92,4.32,7.62,7.72,8.02,6.06,9.32,11.96,8.65
199708,-1.88,-5.28,-4.79,-3.98,-2.4,-0.64,-2.42,-6.96,-4.07,-4.76,-4.82,-3.02,-4.72,-3.87,-0.72
199709,4.95,4.87,5.66,6.04,7.31,4.13,5.32,5.08,4.72,4.55,6.86,5.36,6.57,6.06,8.71
199710,-3.25,-2.37,-3.52,-2.83,-5.39,-4.82,-2.54,-2.01,-2.62,-3.77,-3.25,-0.16,-4.87,-6.28,-4.43
199711,2.2,4.94,5.37,3.66,1.16,1.95,2.3,4.74,5.09,5.28,5.47,3.51,3.79,3.05,-0.88
199712,1.47,2.26,1.96,2.09,0.67,1.53,1.45,3.94,1.08,1.23,2.74,2,2.16,2.08,-0.89
199801,-1.35,0.75,0.4,2.58,-0.66,-0.58,-1.69,-0.45,1.62,0.26,0.54,1.55,3.4,-2.04,0.9
199802,6.66,7.16,6.57,7.15,9.27,7.9,6.12,6.39,7.71,7.12,5.99,6.19,7.89,10.83,7.57
199803,6.33,5,5.64,4.58,3.36,6.92,6.08,5.34,4.77,4.46,6.87,7.96,2.01,3.01,3.75
199804,1.42,0.93,0.11,0.72,3.28,0.25,1.92,-0.73,2.11,0.41,-0.2,1.44,0.14,2.85,3.75
199805,-0.7,-1.8,-1.87,-2.26,-4.5,-2.03,-0.14,0.22,-3.19,-0.73,-3.04,-2.87,-1.77,-4.06,-4.99
199806,2.98,4.6,2.81,2.86,4.46,2.76,3.07,2.96,5.76,1.8,3.89,1.38,4.05,3.5,5.54
199807,-3.42,-1.9,-2.3,-1.05,-1.42,-1.28,-4.6,-2.39,-1.42,-2.78,-1.72,-1.82,-0.22,-0.54,-2.41
199808,-11.67,-11.04,-14.45,-18.81,-22.81,-11.98,-11.49,-10.08,-12.01,-13.83,-15.21,-17.63,-20.07,-22.12,-23.6
199809,4.61,7.04,6.09,8.16,6.04,7.3,3.08,7.16,6.91,5,7.44,8.81,7.44,4.99,7.27
199810,6.23,6.6,7.76,8.18,10.64,6.7,5.95,7.28,5.88,7.09,8.59,7.23,9.21,9.75,11.61
199811,3.91,6.82,5.77,6.33,8.62,3.14,4.38,5.74,7.95,4.48,7.32,3.07,9.71,7.69,9.63
199812,3.81,4.61,5.76,5.75,13.7,4.81,3.2,5.03,4.19,5.84,5.67,5.4,6.09,11.66,15.89
199901,-2.96,3.52,0.9,4.16,12.31,-0.52,-4.47,0.73,6.27,0.76,1.07,0.34,7.87,13.31,11.26
199902,-1.14,-4,-2.46,-3.33,-7.4,-1.09,-1.18,-2.46,-5.44,-2.69,-2.19,-1.1,-5.35,-6.97,-7.86
199903,1.2,3.12,2.38,3.06,7.97,1.55,0.97,-0.41,6.53,3.78,0.68,3.69,2.45,5.43,10.73
199904,4.76,5.6,2.85,3.27,4.32,3.14,5.8,7.07,4.27,3.69,1.79,1.77,4.72,2.99,5.69
199905,-1.56,-1.14,-0.8,-3.21,-1.61,-2.94,-0.7,0.16,-2.34,-1.62,0.25,-1.88,-4.46,-2.74,-0.47
199906,1.93,4.32,4.98,5.85,9.02,3.99,0.67,1.58,6.93,5.12,4.81,3.82,7.78,10.63,7.41
199907,-2.13,-2.06,-2.12,-4.83,-4.32,-2.31,-2,-1.1,-2.71,-2.05,-2.15,-0.99,-6.81,-2.9,-5.38
199908,0.04,-0.3,-1.09,-2.36,-1.31,2.12,-1.51,-3.84,2.12,-4.26,0.73,-3.01,-2,-1.62,-1.08
199909,-4.7,-1.17,-3.78,-2.91,-1.42,-4.94,-4.52,0.16,-2.03,-1.18,-5.21,-5.87,-1.31,-5.06,1.32
199910,4.75,5.53,5.32,7.9,8.49,3.89,5.4,2.61,7.47,-0.52,8.39,7.71,8,5.49,10.6
199911,-0.14,-0.98,2.62,7.08,7.63,-2.54,1.65,1.13,-2.32,0.82,3.5,3.37,8.95,6.71,8.24
199912,-4.86,6.47,5.16,14.84,11.73,-3.19,-6.17,-1.47,11.66,5.65,4.94,12.66,15.86,9.92,12.92
200001,-0.78,-6.5,-2.82,-6.11,-5.26,-3.91,1.73,-0.45,-9.99,-2.13,-3.14,-8.65,-4.95,-2.52,-7
200002,-8.65,-6.35,-2.85,7.24,15.73,-6.7,-10.12,-8.12,-5.23,-2.68,-2.94,-2.56,11.52,13.92,16.94
200003,8.62,10.19,12.23,9.39,1.24,9.38,8.03,9.9,10.37,10.67,12.97,7.46,10.13,-0.49,2.37
200004,4.1,-5.12,-2.19,-4.71,-5.97,4.65,3.66,1.66,-9.26,-1.35,-2.58,-3.06,-5.31,-3.93,-7.27
200005,5.94,0.04,-2.44,-6.34,-7.94,4.77,6.86,1.57,-1.01,-4.31,-1.57,-2.82,-7.68,-8.58,-7.53
200006,-0.09,2.46,1.92,2.28,7.99,0.43,-0.48,-0.34,4.27,2.7,1.57,-1.42,3.76,8.72,7.54
200007,-3.85,-1.39,-0.65,0.51,-2.76,-4.45,-3.46,-1.76,-0.69,0.03,-1.38,1.87,-2.03,-3.09,-2.52
200008,4.66,5.36,6.4,8.23,9.84,9.31,1.63,5.42,5.25,8.06,4.56,8.61,7.5,8.16,11.04
200009,5.41,5.37,-7.56,-4.33,-12.75,5.6,5.28,4.75,6.52,-11.22,-3.4,-3.33,-6.31,-12.23,-13.11
200010,4.03,2.31,1.09,-1.96,-8.12,0.26,6.73,-0.61,7.62,2.29,-0.17,-2.99,0.14,-6.04,-9.59
200011,2.29,-2.19,-6.95,-12.24,-19.04,1.08,3.09,0.43,-6.59,-7.15,-6.74,-13.33,-10.07,-16.53,-20.87
200012,4.25,5.12,-2.53,4.15,-0.59,4.15,4.32,7.19,1.44,-1.61,-3.5,3.04,6.25,-2.89,1.19
200101,-7.18,-2.58,7.25,4.22,12.95,-7.92,-6.72,-3.88,-0.14,1.62,13.35,3.74,5.1,7.19,17.1
200102,0.36,-1.21,-7.45,-9.9,-20.97,2.68,-1.07,-0.62,-2.26,-5.7,-9.14,-10.5,-8.83,-20.52,-21.26
200103,-3.46,-4.74,-6.43,-4.26,-12.49,-2.9,-3.81,-4.1,-5.87,-7.22,-5.65,-4.76,-3.39,-12.84,-12.26
200104,4.39,4.1,10.96,7.25,11.21,5.71,3.55,3.99,4.28,10.07,11.83,6.94,7.8,7.13,13.91
200105,2.16,1.43,0.49,0.66,1.09,2.51,1.92,1.18,1.91,-0.06,1.02,0.8,0.41,2.39,0.27
200106,-4.73,-2.57,0.11,-1.63,-0.14,-3.23,-5.71,-2.76,-2.23,0.23,-0.01,-1.31,-2.19,1.36,-1.09
200107,0.76,1.46,2.95,-2.53,-6.21,-2.48,2.56,1.01,2.24,3.28,2.68,-4.05,-0.66,-3.79,-7.76
200108,-1.4,-2.64,-4.98,-5.39,-12.29,1.2,-2.75,-2.5,-2.88,-5.57,-4.51,-5.01,-5.83,-10.37,-13.58
200109,-2.12,-3.25,-3.82,-12.27,-17.32,-3.85,-1.19,-3.14,-3.44,-1.9,-5.33,-8.2,-17.14,-15.66,-18.48
200110,0.26,-0.77,-1.94,3.78,9.77,0.79,-0.01,-1.56,0.65,-5.3,0.81,-0.17,8.99,6.3,12.27
200111,2.08,3.89,4.82,11.25,13.9,0.48,2.88,2.78,5.83,3.75,5.63,7.35,15.97,13.06,14.48
200112,1.17,1.03,2.96,2.12,0.91,3.41,0.09,2.67,-1.73,3.04,2.9,2.05,2.2,3.05,-0.53
200201,-0.36,0.22,0.26,-1.69,-2.3,-0.48,-0.3,-1.03,2.45,0.68,-0.06,-2.54,-0.73,-1.56,-2.82
200202,2.03,1.77,2.09,-2.52,-9.45,2.17,1.97,2.15,1.12,2.56,1.73,0.97,-6.36,-5.32,-12.38
200203,3.88,3.22,2.24,4.19,7.17,5.28,3.19,3.41,2.9,1.45,2.84,1.93,6.87,5.9,8.14
200204,-0.01,-3.56,-3.49,-5.75,-10.21,1.71,-0.89,-4.24,-2.38,-5.64,-1.87,-5.28,-6.27,-5.94,-13.4
200205,-1.57,-0.2,0.39,-0.98,-2.93,-1.78,-1.45,0.09,-0.69,2.51,-1.14,0.06,-2.15,-1.28,-4.29
200206,-7.69,-3.52,-5.04,-8.97,-9.54,-7.93,-7.56,-4.54,-1.78,-5.24,-4.9,-4.84,-13.79,-6,-12.55
200207,-4.65,-8.01,-7.45,-5.55,-12.06,-4.32,-4.96,-7.39,-8.81,-7.62,-7.32,-2.15,-8.9,-11.81,-12.42
200208,2.12,-0.46,1.71,-0.37,0.15,3.24,1.08,0.94,-2.28,0.85,2.32,-2.24,1.6,1.03,-1.11
200209,-7.06,-9.89,-8.73,-11.9,-13.24,-7.11,-7.02,-9.87,-9.92,-6.57,-10.21,-12.15,-11.65,-11.62,-15.6
200210,3.39,7.37,5.7,6.07,16.1,3.7,3.09,4.84,10.77,4.56,6.52,3.4,8.78,14.86,18
200211,1.11,2.85,2.18,7.69,14.41,2.12,0.12,1.27,4.87,0.73,3.21,6.12,9.2,9.64,21.48
200212,-0.54,-2.79,-3.37,-6.76,-12.69,0,-1.08,-1.64,-4.22,-1.95,-4.36,-5.49,-7.93,-11.77,-13.93
200301,-2.74,-1.69,-3.72,-2.7,-2.74,-3.02,-2.46,-0.23,-3.54,-4.33,-3.29,-3.37,-2.07,-4.7,-0.06
200302,-2.63,-2.73,-2.62,-1.4,-0.1,-3.09,-2.18,-1.58,-4.24,-2.65,-2.6,0.14,-2.85,0.29,-0.6
200303,1.48,1.49,1.77,1.44,-0.11,1.1,1.86,1.64,1.3,1.44,2,2.51,0.4,0.29,-0.65
200304,4.69,6.24,7.49,10.71,11.99,3.62,5.73,4.06,9.02,6.55,8.16,11.85,9.59,11.23,13.01
200305,5.33,4.52,4.02,5.35,9.81,5.03,5.61,4.22,4.9,6.8,2.08,2.99,7.72,6.87,13.66
200306,0.88,1.55,1.4,1.14,1.82,2.97,-1.09,2.63,0.23,2,0.97,1.21,1.09,2.03,1.56
200307,-1.77,0.82,3.16,3.95,6.18,-2.94,-0.85,-0.09,2.07,2.25,4.28,5.52,3.17,5.86,6.56
200308,-0.51,3.06,0.94,3.49,5.39,0.18,-1.04,3.79,2.08,1.15,0.7,3.42,3.52,3.69,7.35
200309,0.91,-1.53,-1.79,-1.52,-1.97,1.84,0.19,-1.27,-1.89,-2.5,-0.93,-2.63,-0.95,-1.37,-2.65
200310,4.06,5.06,4.5,6.17,10.44,2.26,5.49,3.91,6.67,4.88,4.04,7.66,5.42,9.31,11.72
200311,2.37,2.77,-0.62,0.35,2.05,1.26,3.23,3.03,2.42,-0.62,-0.63,-0.23,0.64,0.79,3.45
200312,5.1,5.33,5.27,4.46,2.39,5.63,4.69,5.6,4.95,3.29,7.68,2.21,5.61,3.04,1.68
200401,1.17,0.9,2.81,1.35,3.56,1.78,0.7,1.2,0.48,1.7,4.12,0.61,1.71,1.63,5.68
200402,2.27,2.83,2.19,0.47,-0.2,2.12,2.38,3.52,1.88,3.42,0.79,2.66,-0.59,1.62,-2.1
200403,-1.68,-0.33,-1.21,-1.38,-1.34,-0.87,-2.31,-0.49,-0.1,-0.18,-2.41,0.38,-2.26,-0.83,-1.9
200404,0.88,-0.19,-1.11,-1.77,-6.08,1.03,0.76,-0.04,-0.41,-0.67,-1.64,-2.17,-1.56,-4.48,-7.85
200405,0.09,1.33,0.28,1.11,3.33,-0.68,0.69,1.28,1.41,-0.41,1.1,1.43,0.94,1.62,5.26
200406,1.56,1.8,1.44,3.81,1.42,2.97,0.46,1.97,1.57,0.38,2.7,2.67,4.42,0.15,2.81
200407,-2.91,-2.22,-0.56,-3.6,-10.38,-2.41,-3.39,-2.52,-1.65,-0.67,-0.41,-3.18,-4.02,-8.1,-12.45
200408,2.29,0.87,0.74,0.16,-4.22,2.61,1.98,0.95,0.71,1.59,-0.33,0.5,-0.19,-3.39,-5.01
200409,-0.88,2.2,1.93,1.92,3.59,-2.16,0.36,0.45,5.51,0.7,3.51,1.29,2.57,3.08,4.08
200410,0.37,0.5,0.35,1.78,5,0.61,0.14,0.65,0.22,-0.93,1.96,1.6,1.97,4.76,5.22
200411,4.24,3.55,4.85,4.97,6.17,4.01,4.47,2.6,5.27,4.9,4.8,5.09,4.86,6.89,5.5
200412,3.18,2.65,3.43,3.77,4.88,3.9,2.46,2.94,2.14,3.45,3.4,4.63,2.89,4.9,4.86
200501,-2.04,-0.41,-1.98,-2.33,-6.51,-2.07,-2.01,-0.47,-0.31,-2.41,-1.46,-2.09,-2.57,-4.99,-7.93
200502,2.39,5.13,1.61,-0.03,0.68,1.67,3.1,4.66,5.98,2.18,0.93,0.31,-0.4,2.28,-0.87
200503,-0.02,-2.45,-1.95,-2.05,-2.38,-0.33,0.29,-2.92,-1.62,-3.54,0,-2.84,-1.19,-2.61,-2.16
200504,-0.16,-1.99,-2.34,-2.55,-5.28,-0.12,-0.2,-1.41,-3,-2.07,-2.66,-4.27,-0.74,-5.13,-5.43
200505,1.98,2.31,3.1,4.41,8.79,1.7,2.26,1.47,3.8,3.39,2.76,5.02,3.78,8.13,9.43
200506,0.61,1.19,0.63,0.59,0.04,0.21,1,0.82,1.83,1.56,-0.47,0.33,0.87,0.14,-0.06
200507,2,3.68,4.64,5.74,6.71,1.11,3.14,2.56,5.89,5.16,4.12,6.03,5.51,7.23,6.12
200508,-1.77,0.65,-0.73,-1.25,-1.5,-2.18,-1.24,1.15,-0.3,-1.27,-0.2,-1.31,-1.21,-1.24,-1.79
200509,-0.15,1.81,0.53,1.34,0.71,-0.14,-0.16,1.95,1.53,2.02,-0.91,0.34,2.14,-0.4,1.96
200510,-1.32,-2.59,-0.97,-0.94,-3.27,-2.43,0.04,-3.42,-0.97,-1.87,-0.08,-1.5,-0.5,-3.97,-2.5
200511,1.89,3.01,4.63,5.41,6.23,1.51,2.34,2.82,3.36,4.06,5.19,5.11,5.65,7.2,5.19
200512,1.13,0.07,-1.13,0.59,-0.9,1.7,0.47,-0.19,0.56,-0.41,-1.84,-0.22,1.24,-1.91,0.17
200601,2.31,3.03,2.29,4.87,5.31,2.76,1.77,3.31,2.49,2.51,2.08,5.44,4.42,2.89,7.86
200602,0.08,-0.39,0.18,0.56,0.39,0.09,0.08,-1.11,0.96,1.16,-0.78,-0.07,1.07,-0.53,1.34
200603,0.53,1.28,2.3,3.33,2.13,0.11,1.04,1.26,1.32,2.71,1.9,3.9,2.87,-0.19,4.44
200604,0.88,1.77,0.03,2.52,0.34,0.49,1.32,2.31,0.77,0.93,-0.88,1.8,3.11,1.11,-0.4
200605,-1.14,-2.05,-3.17,-4.32,-6.31,-1.2,-1.08,-2.16,-1.83,-2.55,-3.8,-3.86,-4.69,-4.85,-7.68
200606,0.36,1.06,-0.16,-0.56,-1.22,0.48,0.23,0.81,1.52,0.01,-0.34,-0.38,-0.7,-0.35,-2.07
200607,2.81,0.21,-0.58,-1.39,-6.06,2.63,3.03,-0.91,0.9,1.46,-3.48,-1.21,-1.52,-4.64,-7.73
200608,2.33,1.26,2.52,1.86,5.94,3.38,1.1,-0.6,2.4,3.17,1.56,0.47,2.95,5.34,6.68
200609,1.88,2.42,0.78,4.42,2.28,1.76,2.01,1.11,3.2,0.29,1.53,4.19,4.59,2.25,2.31
200610,2.67,3.54,3.53,4.49,3.67,2.24,3.18,3.15,3.77,2.27,5.41,3.54,5.21,4.07,3.18
200611,0.96,2.32,1.69,3.54,2.74,-0.4,2.58,2.79,2.06,0.73,3.09,2.22,4.52,2.38,3.18
200612,1.11,1.31,2.54,1.56,-0.3,1.27,0.93,0.49,1.78,3.93,0.59,1.69,1.47,0.15,-0.84
200701,0.88,0.79,2.35,2.43,3.81,1.75,-0.13,0.62,0.89,1.82,3.09,2.39,2.46,4.28,3.24
200702,-1.96,-1.95,-0.99,-1.21,-0.57,-1.78,-2.17,-1.16,-2.4,-0.72,-1.35,-0.82,-1.49,-0.96,-0.09
200703,0.6,1.91,1.81,0.15,0.79,0.1,1.18,1.8,1.97,1.83,1.77,0.22,0.11,1.1,0.4
200704,3.99,3.86,3.91,4.73,4.65,3.51,4.55,3.95,3.81,3.25,4.8,4.29,5.06,6.17,2.78
200705,2.52,3.77,3.3,4.69,4.89,1.75,3.41,3.82,3.75,3.17,3.47,4.66,4.72,4.98,4.78
200706,-2.19,-1.11,-2.46,-1.96,-0.21,-2.63,-1.68,-1.29,-1.01,-2.73,-2.1,-1.94,-1.98,-0.13,-0.33
200707,-3.06,-3.16,-4.04,-2.79,-3.66,-2.95,-3.21,-2.2,-4.01,-3.22,-5.15,-2.66,-2.91,-2.78,-4.74
200708,2.43,1.65,1.01,1.8,-0.8,2.81,1.94,1.43,1.85,1.39,0.48,1.47,2.14,-0.54,-1.12
200709,2.95,3.88,3.53,3.46,4.57,2.72,3.25,4.88,3.01,4.49,2.19,2.68,4.24,4.73,4.35
200710,1.67,1.91,1.82,2.27,3.14,1.94,1.33,0.56,3.13,1.43,2.39,2.96,1.6,2.51,3.96
200711,-1.95,-4.73,-5.34,-5.05,-7.68,0.59,-5.2,-3.01,-6.23,-4.72,-6.22,-4.37,-5.72,-7.36,-8.09
200712,-1.89,0.21,0.23,-0.24,-1.16,-2.27,-1.37,1.44,-0.9,-0.78,1.71,-1.54,1.07,-1.5,-0.72
200801,-3.59,-6.13,-5.41,-9.55,-7.39,-3.48,-3.75,-4.79,-7.37,-4.81,-6.26,-10.44,-8.67,-6.13,-9.01
200802,-3.02,-2.55,-3.66,-3.09,-2.29,-3.76,-2.01,-1.24,-3.78,-2.67,-5.11,-5.78,-0.49,-4.02,-0.02
200803,-0.11,-1.07,0.45,-1.02,-2.36,-0.7,0.69,-1.94,-0.22,-0.27,1.53,0.32,-2.24,-1.39,-3.57
200804,1.49,5.59,4.19,7.04,8.7,2.9,-0.36,5.8,5.38,3.24,5.6,8.09,6.07,8.35,9.14
200805,0.78,1.17,2.44,3.7,4.28,0.92,0.6,0.66,1.66,2.39,2.5,2.83,4.52,2.92,5.96
200806,-8.29,-6.94,-8.65,-9.1,-9.62,-8.2,-8.42,-5.47,-8.32,-7.68,-10.02,-11.53,-6.84,-11.69,-7.11
200807,-0.53,-0.42,0.3,-0.69,-2.21,0.68,-1.44,-2.97,2.47,-0.79,2.41,-0.15,-1.61,-1.95,-2.67
200808,1.39,1.67,2.33,1.09,1.85,2.06,0.88,3.11,0.13,2.12,2.73,1.62,0.14,2.01,1.59
200809,-4.35,-5.68,-11.25,-14.31,-18.87,-4.29,-4.39,-4.99,-6.45,-8.9,-15.66,-14.71,-13.58,-18.42,-19.66
200810,-12.89,-15.96,-17.74,-24.75,-22.91,-12.97,-12.83,-15.27,-16.73,-16.74,-19.77,-25.96,-22.57,-21.58,-25.27
200811,-3.05,-8.58,-9.46,-12.2,-15.25,-3.74,-2.5,-5.72,-11.82,-8.81,-10.83,-12.99,-10.82,-15.52,-14.74
200812,0.14,1.21,3.92,2.9,4.05,0.56,-0.2,-0.36,3.13,2.19,7.7,1.66,4.97,3.98,4.18
200901,-8.35,-8.52,-8.5,-8.33,-2.84,-6.25,-10.02,-10.25,-6.49,-8.82,-7.82,-9.72,-6.06,-2.66,-3.17
200902,-9.99,-10.63,-10.14,-10.62,-6.24,-7.58,-11.98,-11.74,-9.38,-9.85,-10.73,-11.77,-8.83,-5.11,-8.31
200903,5.88,8.16,11.38,13.73,11.39,4.28,7.17,8.76,7.5,10.97,12.24,13.11,14.67,10.83,12.44
200904,4.2,10.74,11.06,16.06,20.41,2.54,5.5,9.28,12.32,11.18,10.81,17.98,13.19,20.87,19.55
200905,5.73,4.1,3.92,4.72,5.87,5.69,5.76,2.56,5.73,4.1,3.54,3.83,6.1,5.98,5.67
200906,-0.21,-0.71,2.2,0.52,1.98,0.16,-0.49,-0.28,-1.15,2.5,1.57,0.65,0.32,1.82,2.29
200907,4.77,7.76,8.37,12.24,15.93,5.04,4.43,8.01,7.52,7.84,8.87,11.05,14.46,14.48,19.22
200908,1.04,3.07,4.23,4.07,13.6,0.17,2.12,2.48,3.66,2.92,5.48,3.11,5.78,13.29,14.3
200909,2.16,3.01,5.96,7.75,6.54,1.79,2.61,2.17,3.85,5.18,6.69,8.14,7.07,4.41,11.12
200910,-0.84,-2.11,-2.19,-4.13,-9.16,-1.22,-0.4,-2.93,-1.3,-0.34,-3.88,-3.03,-6.09,-8.6,-10.29
200911,5.88,5.02,5.63,5.28,8.08,6.47,5.19,4.54,5.48,6.05,5.23,5.41,5.03,9.14,5.88
200912,0.58,3.65,3.09,5.56,4.28,-0.39,1.74,3.96,3.35,3.79,2.43,4.95,6.67,3.14,6.73
201001,-2.24,-3.38,-4.05,-4.93,-3.69,-2.26,-2.23,-2.17,-4.55,-4.15,-3.95,-5.77,-3.41,-4.25,-2.54
201002,1.49,4.15,2.85,5.64,7.29,1.83,1.08,3.48,4.84,3.01,2.69,5.84,5.3,7.09,7.68
201003,4.08,5.12,8.27,8.31,10.86,3.72,4.51,4.86,5.38,7.64,8.89,8.92,7.24,9.88,12.84
201004,0.58,1.28,2.41,4.64,5.81,0.03,1.22,0.85,1.71,3.11,1.73,4.36,5.16,5.05,7.3
201005,-6.34,-7.64,-8.75,-8.37,-10.85,-5.96,-6.79,-5.98,-9.26,-8.41,-9.09,-7.54,-9.88,-10.52,-11.49
201006,-2.99,-5.09,-7.36,-7.86,-10.49,-2.99,-2.98,-3,-7.22,-6.93,-7.76,-7.52,-8.5,-9.18,-13.05
201007,5.23,6.31,8.26,8.79,11.76,4.89,5.55,5.96,6.57,8.01,8.47,11.02,6.31,11.87,11.5
201008,-0.93,-6.07,-6.78,-6.4,-9.22,-0.89,-0.96,-3.24,-8.19,-6.18,-7.29,-4.37,-8.76,-9.34,-8.96
201009,6.5,9.79,11.98,12.08,12.64,5.79,7.14,10.5,9.22,12.42,11.6,13.43,10.44,11.02,16.37
201010,2.76,3.47,5.67,3.21,6.32,2.93,2.6,3.07,3.79,6.12,5.28,5.5,0.32,5.8,7.46
201011,-0.7,-0.13,1.03,2.96,4.53,-0.52,-0.87,-0.17,-0.1,0.93,1.12,3.91,1.71,4.16,5.32
201012,4.59,6.52,7.93,9.53,9.26,4.37,4.79,6.49,6.55,7.19,8.58,7.74,11.96,9.61,8.53
201101,0.9,2.09,3.35,2.95,2.01,1.25,0.58,1.08,2.89,2.48,4.09,2.88,3.05,1.82,2.43
201102,3.38,2.47,4.48,4.83,3.64,2.48,4.19,3.75,1.48,4.34,4.6,5.17,4.38,3.08,4.87
201103,1.41,-0.27,0.13,0.87,0.08,1.41,1.4,0.65,-0.99,0.37,-0.08,1.91,-0.5,0.27,-0.35
201104,3.78,4.27,0.79,2.11,3.7,4.18,3.42,4.87,3.79,1.29,0.37,2.69,1.33,3.65,3.81
201105,0.57,-1.44,-2.26,-2.27,-4.02,0.17,0.93,-0.3,-2.36,-1.71,-2.73,-2.08,-2.53,-3.91,-4.24
201106,-1.41,-1.49,-2.15,-2.04,-1.8,-1.81,-1.06,-1.74,-1.28,-2.05,-2.23,-0.82,-3.7,-1.55,-2.35
201107,-2.51,-2.06,-0.76,-3.61,-3.85,-2.35,-2.68,-2.16,-1.96,-3.25,1.22,-2.36,-5.63,-4.74,-2.14
201108,-1.27,-5.79,-7.22,-11.04,-13.74,-1.09,-1.45,-5.64,-5.92,-7.97,-6.65,-10.24,-12.4,-13.76,-13.71
201109,-3.36,-6.1,-9.67,-13.46,-16.28,-2.57,-4.17,-5,-7.12,-10.14,-9.33,-12.66,-14.84,-16.11,-16.59
201110,6.34,11.51,13.48,17.1,20.6,6.13,6.55,10.59,12.4,14.43,12.79,17.09,17.12,21.3,19.33
201111,1.35,0.21,-0.73,-2.48,-3.56,1.76,0.92,1.32,-0.83,-0.48,-0.91,-1.65,-3.95,-3.5,-3.66
201112,2.97,-0.81,0.54,-0.26,-1.65,3.44,2.48,-1.3,-0.34,-0.94,1.64,0.6,-1.82,-1.73,-1.51
201201,0.56,6.48,6.55,8.29,12.08,0.13,1.01,5.03,7.86,5.68,7.18,7.48,9.79,11.98,12.28
201202,1.93,4.67,6.58,5.61,6.22,1.45,2.43,4.32,4.99,4.64,7.97,4.85,7.01,4.75,9.04
201203,2.55,3.6,3.85,2.02,3.45,2.1,3.01,3.64,3.56,1.92,5.19,1.26,3.37,3.78,2.84
201204,0.66,-0.74,-1.69,-2.06,-1.93,0.84,0.48,-0.2,-1.23,-1.14,-2.06,-0.84,-4.2,-2.88,-0.16
201205,-2.17,-7.49,-6.72,-9.11,-12.96,-1.16,-3.2,-5.93,-8.94,-7.7,-6.05,-8.76,-9.74,-13,-12.9
201206,5.04,3.67,2.89,4.14,1.68,4.66,5.44,3.48,3.86,3.97,2.16,4.21,4.03,0.84,3.21
201207,2.13,-0.37,1.54,0.05,-2.64,2.63,1.28,0.88,-1.71,2.55,0.21,1.13,-1.01,-1.65,-4.3
201208,-0.17,2.97,4.4,5,6.65,-0.71,0.78,1.95,4.08,5.76,2.6,4.54,5.45,5.04,9.45
201209,3.11,1.06,3.58,2.45,3.55,3.1,3.14,1.51,0.58,3.34,3.91,1.97,2.92,4.09,2.65
201210,-1.42,-1.87,-3.61,-0.2,1.9,-1.22,-1.77,-1.24,-2.55,-4.06,-2.99,-1.05,0.62,1.94,1.83
201211,0.06,1.34,0.7,1.65,0.17,-0.07,0.3,1.82,0.83,0.39,1.11,2.43,0.91,0.11,0.26
201212,-0.94,1.55,1.09,4.02,7.06,-1.22,-0.45,1.06,2.08,-0.42,3.09,3.14,4.88,7.64,6.07
201301,5.85,5.75,3.96,6.07,7.41,5.4,6.62,5.64,5.88,1.63,6.97,7.7,4.51,5.93,10.02
201302,2.32,0.99,1.18,-0.39,-0.35,2.87,1.36,1.08,0.89,1.13,1.24,-0.37,-0.42,-0.39,-0.28
201303,4.87,3.64,2.83,3.98,4.55,4.86,4.88,3.53,3.75,2.42,3.32,2.85,5.11,4.01,5.46
201304,2.38,1.55,1.11,0.02,1.72,2.66,1.89,1.17,1.96,1.64,0.46,-0.77,0.78,1.37,2.31
201305,-0.66,3.67,5.09,5.32,6.34,-0.86,-0.3,2.03,5.43,4.51,5.81,3.93,6.67,6.91,5.4
201306,-0.61,-0.64,-2.09,-1.91,-2.93,-0.29,-1.17,-0.82,-0.45,-2.76,-1.27,-1.79,-2.03,-3.26,-2.38
201307,4.81,5.62,6.01,5.3,7.82,4.24,5.45,4.83,6.37,6.11,5.91,4.29,6.41,8.68,6.33
201308,-4.14,-1.73,-2.94,-1.23,-2.47,-4.33,-3.92,-3.28,-0.24,-3.36,-2.49,-0.83,-1.67,-2.74,-2.01
201309,1.91,4.06,4.46,5.54,5.24,1.56,2.3,4.94,3.25,4.62,4.3,5.97,5.07,3.69,7.98
201310,4.23,5,3.86,3.3,3.39,5.68,2.59,4.23,5.73,3.8,3.92,2.3,4.4,2.65,4.64
201311,2.59,3.99,3.02,2.57,3.86,2.32,2.9,3.76,4.2,3.21,2.82,1.97,3.24,4.64,2.56
201312,1.16,3.1,3.05,3.49,3.35,0.94,1.41,3.73,2.51,2.64,3.49,3.96,2.97,1.96,5.75
201401,-3.09,-3.37,-3.91,-4.11,-3.2,-2.69,-3.55,-4.43,-2.38,-3.94,-3.88,-3.24,-5.06,-2.77,-3.93
201402,4.07,4.56,4.54,5.63,5.88,3.15,5.13,4.01,5.07,4.41,4.68,5.92,5.31,4.51,8.18
201403,1.45,-0.02,1.23,0.43,-0.49,0.72,2.28,0.65,-0.63,1.24,1.21,-0.24,1.18,0.09,-1.44
201404,2.15,-0.61,-1.32,-0.25,-1.89,2.43,1.84,-1.39,0.11,-2.41,-0.15,-0.05,-0.46,-2.49,-0.9
201405,0.53,3.61,2.49,2.14,1.05,0.58,0.49,2.96,4.2,2.71,2.25,2.41,1.85,1.22,0.78
201406,1.48,1.86,3.07,4.81,3.39,0.98,2.04,1.54,2.14,3.11,3.04,3.81,5.91,3.49,3.22
201407,-1.47,-0.98,-3.1,-2.64,-3.68,-2.15,-0.16,-1.66,-0.34,-2.87,-3.44,-2.17,-3.33,-3,-4.81
201408,4.8,3.76,3.9,4.18,4.98,4.74,4.9,4.05,3.5,3.79,4.08,4.15,4.22,3.66,7.24
201409,0.12,-1.9,-2.72,-3.88,-5.9,0.46,-0.53,-3.05,-0.82,-1.63,-4.36,-2.87,-5.36,-5.56,-6.46
201410,3.7,2.95,2.32,0.44,-0.05,3.58,3.92,3.63,2.33,3.02,1.23,0.27,0.7,0.05,-0.23
201411,3.34,3.79,2.44,-0.52,-0.97,3.88,2.29,3.49,4.07,2.87,1.78,-1.26,0.6,-2.14,1
201412,-0.66,-0.23,0.7,1.12,-0.37,-0.92,-0.13,-0.89,0.37,-0.08,1.95,1.51,0.54,-1.02,0.7
201501,-0.35,-2.43,-4.95,-7.25,-6.57,-0.45,-0.14,-1.39,-3.38,-5.63,-3.88,-7.74,-6.52,-5.62,-8.09
201502,3.23,6.46,8.14,8.13,9.08,2.39,4.86,6.43,6.48,8.33,7.83,7.97,8.36,8.34,10.29
201503,-0.93,-1.72,-1.27,-0.9,-1.54,-0.99,-0.81,-1.53,-1.9,-1.52,-0.9,-0.62,-1.31,-1.32,-1.89
201504,-0.86,1.08,1.01,2.55,1.28,-0.99,-0.59,1.08,1.09,1.52,0.21,2.89,2.03,2.43,-0.61
201505,1.65,1.46,1.22,0.98,-0.31,1.04,2.82,0.85,2.02,1.65,0.56,1.19,0.68,-0.77,0.46
201506,-1.41,-2.49,-1.04,-0.09,-2.22,-1.77,-0.74,-2.46,-2.51,-0.62,-1.72,0.51,-0.99,-1.57,-3.28
201507,3.79,2.22,0.68,-1.08,-1.97,5.52,2.25,3.41,1.33,0.59,0.79,-0.94,-1.21,-0.66,-5.81
201508,-5.68,-5.32,-6.69,-6.42,-7.2,-5.07,-6.25,-5.07,-5.51,-5.99,-7.5,-5.79,-6.99,-7.36,-6.71
201509,-1.4,-1.51,-3.44,-5.96,-8.01,-0.62,-2.12,-1.28,-1.69,-2.84,-4.16,-5.5,-6.39,-6.99,-11.13
201510,6.9,8.77,7.58,8.76,7.51,6.59,7.21,7.49,9.75,7.92,7.17,9.53,8.07,8.01,5.88
201511,-0.04,0.56,0.37,2.01,1.75,0.38,-0.43,0.37,0.7,0.87,-0.22,0.91,3.02,2.33,-0.13
201512,-0.18,-1.23,-3.82,-4.69,-6.62,1.53,-1.81,-0.9,-1.47,-4.22,-3.33,-4.15,-5.17,-6.47,-7.11
201601,-2.61,-4.86,-6.39,-10.37,-12.83,-0.6,-4.61,-5.65,-4.25,-6.02,-6.83,-9.74,-10.93,-12.49,-13.99
201602,0.03,0.23,0.41,-0.18,-2.01,-0.39,0.47,1.41,-0.64,-0.3,1.28,1.2,-1.45,-2.01,-2
201603,5.83,6.95,7.17,8.18,10.37,5.53,6.14,6.48,7.3,7.44,6.85,7.23,9.07,10.35,10.43
201604,-0.73,-0.14,1.84,4.1,4.35,0.69,-2.17,-0.17,-0.12,1.79,1.9,3.66,4.51,3.88,5.98
201605,1.75,1.7,1.93,1.9,0.89,2.12,1.36,1.62,1.76,2.24,1.54,1.8,2,1.44,-0.96
201606,2.37,0.31,-1.13,-3.61,-4.22,4.13,0.53,0.69,0.02,-0.97,-1.32,-3.09,-4.09,-4.94,-1.72
201607,1.73,5.51,3.69,5.54,6.43,1.39,1.91,5.73,5.11,1.85,5.86,5.32,5.79,5.98,7.88
201608,-1.57,0.65,1.05,2.12,6.28,-3.43,-0.53,0.9,0.2,1.7,0.32,1.02,3.32,6.57,5.37
201609,-0.16,0.51,-1.02,1.01,1.97,-0.48,0.02,0.59,0.37,-2.29,0.45,0.7,1.32,1.53,3.47
201610,-1.68,-2.46,-1.85,-1.29,-1.95,-1.3,-1.89,-2.89,-1.67,-0.98,-2.82,-1.58,-1,0.37,-9.66
201611,0.71,3.75,7.47,10.29,16.48,-1.43,1.85,2.9,5.3,8.04,6.81,7.89,12.74,16.57,16.16
201612,2.74,1.18,1.06,2.21,1.84,3.55,2.32,1.08,1.34,2.16,-0.22,1.28,3.13,2.7,-1.4
201701,1.1,2.4,3.31,1.89,1.45,1.28,1,2.81,1.66,2.73,3.99,2.4,1.38,0.9,3.59
201702,4.77,3.35,2.9,2.45,3.56,3.3,5.54,3,3.99,2.82,2.99,1.96,2.94,3.97,2.04
201703,0.4,0.76,-0.21,-0.65,-1.1,0.05,0.59,0.81,0.67,-0.89,0.59,0.09,-1.39,-1.19,-0.72
201704,0.64,2.32,1.21,0.55,-0.96,1.09,0.42,2.74,1.56,1.31,1.1,0.69,0.42,-0.64,-2.22
201705,2.43,1.87,-0.11,-1.1,-1.77,2.18,2.56,2.09,1.46,-1.04,0.97,0.28,-2.5,-1.45,-3.07
201706,-0.98,0.19,2.75,3.62,4.3,-2.22,-0.35,0,0.55,2.77,2.73,2.51,4.77,4.39,3.95
201707,2.6,1.49,2.54,0.8,2.86,2.03,2.89,1.02,1.77,3.53,1.88,1.03,0.6,2.49,3.66
201708,-0.27,1.47,-0.33,-0.56,-0.93,0.2,-0.5,0.47,2.04,1.34,-1.46,-0.44,-0.67,-1.81,0.99
201709,0.32,1.46,3.41,6.18,7.32,-0.59,0.78,2.12,1.09,4.28,2.81,4.85,7.31,7.49,6.96
201710,1.46,3.28,1.81,2.26,1.48,2.86,0.78,2.62,3.67,2.58,1.27,0.91,3.38,2.48,-0.69
201711,4.38,2.87,3.1,2.75,3.66,3.06,5.04,4.07,2.18,3.54,2.78,2.22,3.18,3.48,4.08
201712,0.61,0.74,2.06,1.56,1.94,-1.06,1.44,1.04,0.57,2.14,2.01,0.97,2.03,1.76,2.36
201801,3.31,5.76,7.58,6.41,6.19,1.1,4.37,4.64,6.41,6.01,8.71,5.53,7.11,5.65,7.4
201802,-4.54,-3.29,-3.41,-2.77,-3.56,-4.11,-4.74,-4.63,-2.54,-2.38,-4.14,-4.62,-1.33,-2.25,-6.45
201803,-0.92,-2.69,-2.58,-2.63,-2.05,-1.25,-0.76,-1.61,-3.29,-1.71,-3.21,-1.22,-3.71,-2.53,-0.93
201804,-0.17,0.29,1.02,1.02,0.61,1.86,-1.11,1.16,-0.21,-1.18,2.62,2.42,-0.07,0.18,1.61
201805,1.31,3.82,2.56,1.65,4.12,2.95,0.52,2.09,4.81,3.88,1.63,2.74,0.79,2.77,7.2
201806,1.99,0.59,0.89,-1.12,-1.99,2.14,1.92,0.91,0.41,-0.65,2.01,0.03,-2.06,-2.63,-0.57
201807,2.52,3.39,3.65,4.13,3.5,2.02,2.75,1.55,5.02,4.03,3.23,3.95,4.27,3.81,2.61
201808,2.35,3.2,5.29,3.72,3.16,3.12,1.99,3.01,3.36,2.98,7.77,2.16,4.94,2.12,6.12
201809,0.67,0.75,0.7,-0.4,-2.46,0.2,0.88,0.44,1.01,1.57,-0.19,0.13,-0.8,-2.65,-1.91
201810,-1.6,-6.35,-8.74,-10,-11.86,-0.32,-2.2,-5.02,-7.47,-10.65,-6.76,-7.16,-12.18,-10.03,-16.85
201811,1.82,3.26,-1.54,3.45,1.46,1.99,1.74,1.91,4.43,1.89,-4.96,3.84,3.14,2.51,-1.64
201812,-7.18,-8.8,-9.09,-11.17,-13.03,-6.37,-7.57,-9.62,-8.11,-8.71,-9.51,-10.76,-11.51,-12.64,-14.22
201901,5.92,7.94,7.71,11.01,13.5,4.53,6.6,9.16,6.92,8.86,6.46,10.06,11.8,12.28,17.34
201902,3.35,3.32,4.37,3.31,3.93,4.07,3.01,2.79,3.76,4.44,4.29,5.8,1.29,2.91,7.03
201903,2.61,2.09,1.64,-0.42,-2.12,3.08,2.38,1.61,2.5,0.83,2.59,-1.83,0.77,-2.76,-0.22
201904,1.73,3.75,5.14,5.52,5.74,1.19,1.99,3.06,4.32,3.43,7.09,3.88,6.87,7.32,1.23
201905,-3.71,-4.97,-8.7,-8.19,-10.63,-2.54,-4.27,-4.28,-5.53,-8.13,-9.32,-7.67,-8.6,-11.1,-9.21
201906,5.45,6.36,8.85,8.01,8.31,4.45,5.94,6.64,6.13,8.43,9.32,8.29,7.78,7.68,10.18
201907,1.56,1.6,1.4,1.65,0.6,2,1.24,-0.25,3.53,1.64,1.12,0.71,2.33,0.13,1.54
201908,1.33,-2.45,-2.19,-4.23,-6.92,2.08,0.77,-1.9,-3.01,-2.13,-2.26,-4.55,-4,-7.24,-6.33
201909,1.31,1.56,0.97,3.84,1.92,1.42,1.23,1.16,1.97,1.5,0.36,5.13,2.92,3.81,-1.68
201910,1.15,1.86,1.8,3.92,4.13,1.16,1.15,2.01,1.7,1.69,1.93,2.71,4.8,4.22,3.93
201911,1.25,3.24,4.55,5.64,7.31,0.43,1.87,3.3,3.18,4.72,4.36,5.44,5.79,6.63,8.65
201912,2.64,2.63,2.29,3.85,4.49,3.14,2.26,2.98,2.28,2.42,2.14,2.35,4.92,4.05,5.35
202001,-0.23,-0.37,0.85,0.77,-2.98,1.5,-1.53,-0.27,-0.48,1.26,0.37,-3.1,3.45,-4.28,-0.51
202002,-7.82,-8.11,-7.6,-9.22,-7.55,-8.11,-7.59,-7.41,-8.81,-6.74,-8.59,-9.12,-9.29,-10.08,-2.89
202003,-9.2,-13.36,-12.65,-14.6,-20.4,-8.81,-9.5,-12.12,-14.62,-10.63,-15.06,-22.77,-9.3,-21.98,-17.71
202004,8.71,13.08,13.96,17.26,17.57,8.34,8.99,12.94,13.24,14.22,13.65,12.84,19.71,16,20.09
202005,2.97,4.92,5.8,5.73,9.47,2.88,3.04,4.26,5.6,4.04,7.99,7.33,4.9,7.52,12.47
202006,-1.63,-0.62,3.04,7.81,5.55,-2.21,-1.18,-0.82,-0.42,4.6,1.17,2.59,10.58,4.28,7.42
202007,5.16,5.27,8.72,4.25,6.06,5.56,4.85,6.94,3.09,4.3,11.36,5.42,2.91,4.04,9.15
202008,3.45,7.19,14.35,7.86,6.42,2.04,4.6,7.66,6.55,9.43,17.09,10.11,5.22,5.48,7.78
202009,-1.23,-4.87,-5.89,-3.54,-2.22,-1.33,-1.14,-5.24,-4.37,-3.01,-7.4,-2.77,-4.5,-3.63,-0.21
202010,-2.94,-1.63,-3.23,-1.05,3.07,-2.44,-3.33,-2.77,-0.07,-2.99,-3.37,-2.13,0.3,3.71,2.16
202011,7.42,9.89,16.85,18.18,23.54,5.57,8.9,7.97,12.43,16.51,17.04,16.35,20.42,21.75,26.18
202012,2.16,3.55,8.39,6.9,6.61,1.46,2.7,3.58,3.52,5.07,10.22,4.9,9.27,5.93,7.58
202101,-1.13,-0.84,0.04,0.87,2.88,0.11,-2.07,-0.55,-1.21,-2.96,1.61,-0.2,2.08,0.76,5.85
202102,-1.2,3.76,1.94,10.62,8.93,-3.99,0.98,1.08,7.2,8.16,-1.18,9.56,11.79,10.69,6.59
202103,6.8,3.52,1.83,2.84,-1.41,7.02,6.64,3.37,3.7,3,1.2,1.79,3.98,0.57,-4.16
202104,3.12,6.39,5.63,5.14,4.35,1.59,4.26,6.42,6.36,6.16,5.34,5.87,4.37,4.37,4.32
202105,1.71,-0.1,-1.16,2.63,-0.36,1.91,1.56,-1.4,1.48,0.41,-2.04,2.45,2.82,1.67,-3.33
202106,0.06,3.41,3.12,2.08,4.54,0.57,-0.31,4.36,2.29,0.05,4.9,4.29,-0.31,2.12,8.26
202107,1.79,3.37,-0.16,1.69,-4.06,2.74,1.29,3.23,3.53,0.07,-0.38,3.14,-2.72,-1.8,-9.17
202108,2.02,3.64,0.74,4.21,4.32,2.15,1.96,3.1,4.24,0.93,0.55,4.75,2.47,3.87,5.41
202109,-4.44,-5.94,-2.58,-3.94,-1.43,-4.58,-4.37,-5.1,-6.88,-2.56,-2.6,-5.35,0.72,-0.44,-3.81
202110,4.88,7.21,4.76,6.99,15.71,4.36,5.15,8.18,6.11,6,3.53,7.74,4.64,19.69,5.79
202111,-1.21,-1.97,-5.2,4.8,-3.73,-1.57,-1.02,-2.15,-1.77,-4.29,-6.13,7.85,-5.1,-2.27,-7.84
202112,5.32,3.93,4.63,2.94,-3.96,7.25,4.32,4.24,3.58,4.35,4.92,3.07,2.46,-2.73,-7.65
202201,-5.91,-6.07,-3.06,-4.92,-10.17,-4.56,-6.64,-5.35,-6.9,-3.24,-2.87,-5.35,-3.32,-9.79,-11.36
202202,-0.89,-3.91,-3.33,-1.27,0.11,-2.54,0.02,-1.93,-6.22,-2.88,-3.8,-2.51,3.22,-1.76,6.09
202203,5.06,3.32,-0.16,1.86,9.58,5.99,4.56,4.55,1.82,1.78,-2.2,2.61,-0.71,11.51,3.86
202204,-6.49,-9.27,-8.45,-11.06,-14.55,-2.17,-8.84,-8.29,-10.51,-7.43,-9.57,-11.67,-8.88,-14.82,-13.7
202205,0.05,0.47,1.49,-1.09,-6.2,0.57,-0.24,0.34,0.64,1.65,1.32,-1.87,1.58,-7.49,-2.12
202206,-3.33,-7.94,-11.69,-10.92,-14.88,-2.54,-3.8,-7.88,-8.01,-9.15,-14.55,-10.23,-13.22,-13.88,-17.86
202207,3.08,10.08,9.41,14.28,19.59,1.03,4.79,7.39,11.74,8.7,10.28,11.14,16.12,14.57,24.89